Title,Nb rating,Prices,Nb visits,Rating,Annulation,Duration,Language,Adress
Vol en hélicoptère au-dessus de New York,894,184.3,12 813 ,9.10 / 10,Gratuit ! Annulez sans frais jusqu'à 24 heures avant l'activité. Si vous annulez dans un délai moindre ou vous ne vous présentez pas: aucun remboursement ne vous sera proposé.,15 min - 20 min,Anglais,NewYork
Billet pour l'Empire State,1688,45.5,28 888 ,9.10 / 10,Non remboursable. Cette activité n'admet aucune annulation ou modification.,-1,-1,NewYork
Billet pour le Mémorial et le Musée du 11 Septembre,229,28.5,4 934 ,9.10 / 10,Gratuit ! Annulez sans frais jusqu'à 24 heures avant l'activité. Si vous annulez dans un délai moindre ou vous ne vous présentez pas: aucun remboursement ne vous sera proposé.,-1,-1,NewYork
Go City : New York Explorer Pass,1005,65.5,30 326 ,9.10 / 10,Gratuit ! Annulez sans frais jusqu'à 24 heures avant l'activité. Si vous annulez dans un délai moindre ou vous ne vous présentez pas: aucun remboursement ne vous sera proposé.,-1,-1,NewYork
Visite de la Statue de la Liberté et Ellis Island,962,48.2,11 552 ,7.90 / 10,Gratuit ! Annulez sans frais jusqu'à 3 jours avant l'activité. Si vous annulez dans un délai moindre ou vous ne vous présentez pas: aucun remboursement ne vous sera proposé.,4 heures,Anglais,NewYork
Visite guidée de Harlem avec messe Gospel,29,73.6,333 ,9.40 / 10,Non remboursable. Cette activité n'admet pas d'annulation.,4 heures,Français,NewYork
Vol en hélicoptère de nuit à New York,25,71.2,461 ,9.50 / 10,Gratuit ! Annulez sans frais jusqu'à 24 heures avant l'activité. Si vous annulez dans un délai moindre ou vous ne vous présentez pas: aucun remboursement ne vous sera proposé.,30 minutes,Anglais,NewYork
Billet pour le Summit One Vanderbilt,104,231.8,3 374 ,9.40 / 10,Gratuit ! Annulez sans frais jusqu'à 24 heures avant l'activité. Si vous annulez dans un délai moindre ou vous ne vous présentez pas: aucun remboursement ne vous sera proposé.,-1,-1,NewYork
Bus touristique de New York,143,40.3,2 541 ,7.60 / 10,Gratuit ! Annulez sans frais jusqu'à 24 heures avant l'activité. Si vous annulez dans un délai moindre ou vous ne vous présentez pas: aucun remboursement ne vous sera proposé.,1 jour,Anglais et espagnol,NewYork
Billet coupe-file pour le One World,976,50.4,14 219 ,9.30 / 10,Non remboursable. Cette activité n'admet aucune annulation ou modification.,-1,-1,NewYork
New York CityPASS,52,44.4,2 000 ,8.90 / 10,Non remboursable. Cette activité n'admet aucune annulation ou modification.,9 jours,-1,NewYork
Billet pour The Edge,164,122.5,4 585 ,8.40 / 10,Si vous annulez juste après avoir réservé: vous aurez une pénalité de 0 du montant total. Si vous ne vous présentez pas: aucun remboursement ne vous sera proposé.,-1,-1,NewYork
Excursion shopping dans les outlets,2507,41.3,32 583 ,8.60 / 10,Gratuit ! Annulez sans frais jusqu'à 48 heures avant l'activité. Si vous annulez dans un délai moindre ou vous ne vous présentez pas: aucun remboursement ne vous sera proposé.,10h - 10h30,-1,NewYork
Balade en bateau au sud de Manhattan,86,39.9,1 782 ,8.70 / 10,Non remboursable. Cette activité n'admet aucune annulation ou modification.,1h30,Anglais,NewYork
Croisière au coucher de soleil,328,35.1,5 055 ,8.50 / 10,Non remboursable. Cette activité n'admet aucune annulation ou modification.,2 heures,Anglais,NewYork
Visite à la découverte des contrastes de New York,92,41.8,895 ,9.10 / 10,Non remboursable. Cette activité n'admet pas d'annulation.,5 heures,Anglais,NewYork
Visite privée dans New York,2,57,5 ,-1,Gratuit ! Annulez sans frais jusqu'à 24 heures avant l'activité. Si vous annulez dans un délai moindre ou vous ne vous présentez pas: aucun remboursement ne vous sera proposé.,-1,Français,NewYork
Excursion à vélo dans le Brooklyn insolite,-1,85.5,6 ,-1,Non remboursable. Cette activité n'admet pas d'annulation.,6 heures,Français,NewYork
Balade en bateau autour de Manhattan,31,99,371 ,8.70 / 10,Non remboursable. Cette activité n'admet aucune annulation ou modification.,2h30,Anglais,NewYork
Circuit sur les traces de Gossip Girl,3,41.8,137 ,8.70 / 10,Gratuit ! Annulez sans frais jusqu'à 48 heures avant l'activité. Si vous annulez dans un délai moindre ou vous ne vous présentez pas: aucun remboursement ne vous sera proposé.,3 heures,Anglais,NewYork
Circuit cinéma à travers les scènes de films et de séries,13,62.7,134 ,7.50 / 10,Non remboursable. Cette activité n'admet pas d'annulation.,3 heures,Français,NewYork
Free tour dans New York,6347,57.9,56 498 ,9.30 / 10,-1,2h30,Anglais,NewYork
Billet pour Top of the Rock + Musée du 11-Septembre,6,0,257 ,7.30 / 10,Non remboursable. Cette activité n'admet aucune annulation ou modification.,2 jours,-1,NewYork
Billet pour le MoMA,91,66.5,2 017 ,8.70 / 10,Si vous annulez juste après avoir réservé: nous vous rembourserons 100% du montant total. Si vous ne vous présentez pas: aucun remboursement ne vous sera proposé.,-1,Français,NewYork
Carte eSIM avec Internet aux États-Unis,14,23.7,,6.70 / 10,Non remboursable. Cette activité n'admet aucune annulation ou modification.,10 jours - 30 jours,-1,NewYork
Tournée des rooftops de New York,56,21.3,999 ,6.80 / 10,Gratuit ! Annulez sans frais jusqu'à 48 heures avant l'activité. Si vous annulez dans un délai moindre ou vous ne vous présentez pas: aucun remboursement ne vous sera proposé.,4 heures,Anglais,NewYork
Excursion à Washington DC depuis New York,47,71.2,445 ,8.90 / 10,Gratuit ! Annulez sans frais jusqu'à 24 heures avant l'activité. Si vous annulez dans un délai moindre ou vous ne vous présentez pas: aucun remboursement ne vous sera proposé.,15 heures,Français,NewYork
Balade en calèche dans Central Park,14,160.5,260 ,7.70 / 10,Non remboursable. Cette activité n'admet pas d'annulation.,45 minutes,-1,NewYork
Billet pour Le Fantôme de l'Opéra,264,141.5,2 879 ,8.90 / 10,Non remboursable. Cette activité n'admet aucune annulation ou modification.,2h30,-1,NewYork
The New York Pass,283,116.8,7 517 ,8.60 / 10,Gratuit ! Annulez sans frais jusqu'à 24 heures avant l'activité. Si vous annulez dans un délai moindre ou vous ne vous présentez pas: aucun remboursement ne vous sera proposé.,1 jour - 10 jours,-1,NewYork
Excursion à Philadelphie et dans un comté Amish,14,134.9,165 ,8.30 / 10,Gratuit ! Annulez sans frais jusqu'à 24 heures avant l'activité. Si vous annulez dans un délai moindre ou vous ne vous présentez pas: aucun remboursement ne vous sera proposé.,14 heures,Français,NewYork
Billet pour Chicago,78,160.5,712 ,9.60 / 10,Non remboursable. Cette activité n'admet aucune annulation ou modification.,2h30,-1,NewYork
Excursion de 4 jours à Niagara,-1,105.4,20 ,-1,Gratuit ! Annulez sans frais jusqu'à 24 heures avant l'activité. Si vous annulez dans un délai moindre ou vous ne vous présentez pas: aucun remboursement ne vous sera proposé.,4 jours,Français,NewYork
Location de vélo à New York,74,745.8,990 ,9.10 / 10,Gratuit ! Annulez sans frais jusqu'à 7 jours avant l'activité. Si vous annulez avec plus de 24 heures d’avance: nous vous rembourserons 50%. Si vous annulez dans un délai moindre ou vous ne vous présentez pas: aucun remboursement ne vous sera proposé.,1 jour,-1,NewYork
Excursion d'une journée à Boston,10,28.9,135 ,8.60 / 10,Gratuit ! Annulez sans frais jusqu'à 24 heures avant l'activité. Si vous annulez dans un délai moindre ou vous ne vous présentez pas: aucun remboursement ne vous sera proposé.,14 heures,Français,NewYork
Visite autour du street art et de la culture hipster à Brooklyn,1,160.5,4 ,-1,Non remboursable. Cette activité n'admet pas d'annulation.,3h30,Français,NewYork
Visite des lieux incontournables à New York,-1,49,4 ,-1,Non remboursable. Cette activité n'admet pas d'annulation.,4 heures,Français,NewYork
Excursion de 2 jours à Washington et Philadelphie,-1,103.5,4 ,-1,Gratuit ! Annulez sans frais jusqu'à 24 heures avant l'activité. Si vous annulez dans un délai moindre ou vous ne vous présentez pas: aucun remboursement ne vous sera proposé.,2 jours,Français,NewYork
Visite guidée de New York,7,356.3,66 ,44840,Gratuit ! Annulez sans frais jusqu'à 24 heures avant l'activité. Si vous annulez dans un délai moindre ou vous ne vous présentez pas: aucun remboursement ne vous sera proposé.,6 heures,Anglais,NewYork
Visite de nuit dans New York,6,84.5,53 ,9.70 / 10,Non remboursable. Cette activité n'admet pas d'annulation.,4 heures,Anglais,NewYork
Dîner-croisière à New York,288,52.2,3 681 ,-1,Non remboursable. Cette activité n'admet aucune annulation ou modification.,2h30 - 3h,-1,NewYork
Excursion aux Chutes du Niagara,415,171.4,5 887 ,7.70 / 10,Gratuit ! Annulez sans frais jusqu'à 24 heures avant l'activité. Si vous annulez dans un délai moindre ou vous ne vous présentez pas: aucun remboursement ne vous sera proposé.,19h - 20h,Anglais,NewYork
Billet pour le Musée de la Ville de New York,-1,236.5,62 ,-1,Gratuit ! Annulez sans frais jusqu'à 24 heures avant l'activité. Si vous annulez dans un délai moindre ou vous ne vous présentez pas: aucun remboursement ne vous sera proposé.,-1,-1,NewYork
Visite de Lower East Side,-1,19,2 ,-1,Gratuit ! Annulez sans frais jusqu'à 24 heures avant l'activité. Si vous annulez dans un délai moindre ou vous ne vous présentez pas: aucun remboursement ne vous sera proposé.,3h30,Français,NewYork
Visite à travers les scènes de films et de séries de Central Park,9,49,200 ,7.30 / 10,Gratuit ! Annulez sans frais jusqu'à 48 heures avant l'activité. Si vous annulez dans un délai moindre ou vous ne vous présentez pas: aucun remboursement ne vous sera proposé.,2 heures,Français,NewYork
Visite d'Union Square,1,34.2,2 ,-1,Gratuit ! Annulez sans frais jusqu'à 7 jours avant l'activité. Si vous annulez avec plus de 3 jours d’avance: nous vous rembourserons 50%. Si vous annulez dans un délai moindre ou vous ne vous présentez pas: aucun remboursement ne vous sera proposé.,3h30,Français,NewYork
The Ride Experience,7,52.2,71 ,8.60 / 10,Non remboursable. Cette activité n'admet pas d'annulation.,1h15,Anglais,NewYork
Excursion de 2 jours aux chutes du Niagara,-1,75,49 ,-1,Gratuit ! Annulez sans frais jusqu'à 24 heures avant l'activité. Si vous annulez dans un délai moindre ou vous ne vous présentez pas: aucun remboursement ne vous sera proposé.,2 jours,Français,NewYork
Billet pour la cathédrale Saint-Patrick avec audioguide,-1,356.3,86 ,-1,Gratuit ! Annulez sans frais jusqu'à 24 heures avant l'activité. Si vous annulez dans un délai moindre ou vous ne vous présentez pas: aucun remboursement ne vous sera proposé.,-1,Français et d'autres langues,NewYork
Visite du pont de Brooklyn,-1,19,1 voyageur,-1,Gratuit ! Annulez sans frais jusqu'à 48 heures avant l'activité. Si vous annulez dans un délai moindre ou vous ne vous présentez pas: aucun remboursement ne vous sera proposé.,3h30,Français,NewYork
Balade en vélo dans Central Park,70,49,790 ,9.40 / 10,Gratuit ! Annulez sans frais jusqu'à 7 jours avant l'activité. Si vous annulez avec plus de 24 heures d’avance: nous vous rembourserons 50%. Si vous annulez dans un délai moindre ou vous ne vous présentez pas: aucun remboursement ne vous sera proposé.,2 heures,Français,NewYork
Niagara,-1,56.8,3 ,-1,Gratuit ! Annulez sans frais jusqu'à 24 heures avant l'activité. Si vous annulez dans un délai moindre ou vous ne vous présentez pas: aucun remboursement ne vous sera proposé.,5 jours,Français,NewYork
Visite guidée de SoHo,-1,897.9,10 ,-1,Si vous annulez avec plus de 3 jours d’avance: nous vous rembourserons 50%. Si vous annulez dans un délai moindre ou vous ne vous présentez pas: aucun remboursement ne vous sera proposé.,3h30,Français,NewYork
Visite gastronomique dans Little Italy et Chinatown,1,49,34 ,-1,Gratuit ! Annulez sans frais jusqu'à 48 heures avant l'activité. Si vous annulez dans un délai moindre ou vous ne vous présentez pas: aucun remboursement ne vous sera proposé.,3 heures,Anglais,NewYork
Déjeuner-croisière au sud de Manhattan,-1,75,281 ,-1,Non remboursable. Cette activité n'admet aucune annulation ou modification.,2 heures,-1,NewYork
Visite à la découverte des super-héros de New York,-1,105.4,40 ,-1,Gratuit ! Annulez sans frais jusqu'à 7 jours avant l'activité. Si vous annulez avec plus de 3 jours d’avance: nous vous rembourserons 50%. Si vous annulez dans un délai moindre ou vous ne vous présentez pas: aucun remboursement ne vous sera proposé.,3h30,Français,NewYork
Billet pour Wicked,13,56,466 ,9.20 / 10,Non remboursable. Cette activité n'admet aucune annulation ou modification.,2h30,-1,NewYork
Circuit sur les pas de la série Les Soprano,1,160.5,4 ,-1,Gratuit ! Annulez sans frais jusqu'à 48 heures avant l'activité. Si vous annulez dans un délai moindre ou vous ne vous présentez pas: aucun remboursement ne vous sera proposé.,4 heures,Anglais,NewYork
Billet pour Madame Tussauds,16,68.4,9 ,8.90 / 10,Non remboursable. Cette activité n'admet aucune annulation ou modification.,-1,-1,NewYork
Billet pour le Moulin Rouge,-1,38.2,2 119 ,-1,Non remboursable. Cette activité n'admet aucune annulation ou modification.,2h40,-1,NewYork
Billet pour SPYSCAPE,-1,104.5,12 ,-1,Non remboursable. Cette activité n'admet aucune annulation ou modification.,-1,-1,NewYork
Location de voilier avec capitaine,-1,40.3,64 ,-1,Si vous annulez avec plus de 6 jours d’avance: nous vous rembourserons 85%. Si vous annulez dans un délai moindre ou vous ne vous présentez pas: aucun remboursement ne vous sera proposé.,2h - 3h,-1,NewYork
Excursion à Washington DC et Philadelphie,140,617.6,3 ,8.20 / 10,Gratuit ! Annulez sans frais jusqu'à 24 heures avant l'activité. Si vous annulez dans un délai moindre ou vous ne vous présentez pas: aucun remboursement ne vous sera proposé.,17 heures,Anglais et espagnol,NewYork
Visite gastronomique à travers l'East Village,-1,141.5,45 ,-1,Non remboursable. Cette activité n'admet pas d'annulation.,3 heures,Français,NewYork
Billet pour LEGOLAND New York,-1,69,255 ,-1,Non remboursable. Cette activité n'admet aucune annulation ou modification.,-1,-1,NewYork
The Tour Experience,4,77.5,19 ,44840,Non remboursable. Cette activité n'admet pas d'annulation.,1h30,Anglais,NewYork
Visite privée en limousine dans New York,-1,37,24 ,-1,Gratuit ! Annulez sans frais jusqu'à 3 jours avant l'activité. Si vous annulez dans un délai moindre ou vous ne vous présentez pas: aucun remboursement ne vous sera proposé.,-1,Anglais,NewYork
Excursion à Southampton,-1,593.8,4 ,-1,Gratuit ! Annulez sans frais jusqu'à 24 heures avant l'activité. Si vous annulez dans un délai moindre ou vous ne vous présentez pas: aucun remboursement ne vous sera proposé.,1 jour,Français,NewYork
Billet pour MJ,4,160.5,120 ,9.50 / 10,Non remboursable. Cette activité n'admet aucune annulation ou modification.,2 heures,-1,NewYork
Visite guidée dans Central Park,-1,182.4,99 ,-1,Gratuit ! Annulez sans frais jusqu'à 24 heures avant l'activité. Si vous annulez dans un délai moindre ou vous ne vous présentez pas: aucun remboursement ne vous sera proposé.,3h30,Français,NewYork
Balade en bateau à grande vitesse,6,49,638 ,8.70 / 10,Non remboursable. Cette activité n'admet aucune annulation ou modification.,30 minutes,Anglais,NewYork
Billet pour les New York Yankees,-1,28.5,1 409 ,-1,Non remboursable. Cette activité n'admet aucune annulation ou modification.,2h30,-1,NewYork
Visite gastronomique à pied dans Harlem,-1,34.2,1 534 ,-1,Gratuit ! Annulez sans frais jusqu'à 15 jours avant l'activité. Si vous annulez avec plus de 48 heures d’avance: nous vous rembourserons 85%. Si vous annulez dans un délai moindre ou vous ne vous présentez pas: aucun remboursement ne vous sera proposé.,4 heures,Anglais,NewYork
Visite privée dans New York à vélo,-1,94,2 273 ,-1,Gratuit ! Annulez sans frais jusqu'à 48 heures avant l'activité. Si vous annulez dans un délai moindre ou vous ne vous présentez pas: aucun remboursement ne vous sera proposé.,2 heures,Français,NewYork
Visite à la découverte du Sud de Manhattan,-1,188.1,20 ,-1,Gratuit ! Annulez sans frais jusqu'à 7 jours avant l'activité. Si vous annulez avec plus de 3 jours d’avance: nous vous rembourserons 50%. Si vous annulez dans un délai moindre ou vous ne vous présentez pas: aucun remboursement ne vous sera proposé.,3h30,Français,NewYork
Circuit Sex and the City à New York,15,52.2,311 ,8.30 / 10,Gratuit ! Annulez sans frais jusqu'à 48 heures avant l'activité. Si vous annulez dans un délai moindre ou vous ne vous présentez pas: aucun remboursement ne vous sera proposé.,3h30,Anglais,NewYork
Visite de Central Park en trottinette électrique,4,62.7,2 ,5.50 / 10,Gratuit ! Annulez sans frais jusqu'à 48 heures avant l'activité. Si vous annulez dans un délai moindre ou vous ne vous présentez pas: aucun remboursement ne vous sera proposé.,2 heures,Français,NewYork
Visite festive à New York,14,54.1,1 655 ,6.70 / 10,Gratuit ! Annulez sans frais jusqu'à 48 heures avant l'activité. Si vous annulez dans un délai moindre ou vous ne vous présentez pas: aucun remboursement ne vous sera proposé.,3 heures,Anglais,NewYork
Visite de nuit en bus à toit ouvert,43,61.7,64 ,44841,Gratuit ! Annulez sans frais jusqu'à 24 heures avant l'activité. Si vous annulez dans un délai moindre ou vous ne vous présentez pas: aucun remboursement ne vous sera proposé.,1h30,Français,NewYork
Billet pour la NBA : New York Knicks,87,41.9,97 ,-1,Non remboursable. Cette activité n'admet pas d'annulation.,3 heures,-1,NewYork
Billet pour Le Roi Lion,218,115.2,9 ,9.60 / 10,Non remboursable. Cette activité n'admet aucune annulation ou modification.,2h30,-1,NewYork
Billet pour le Radio City Music Hall,3,165,567 ,-1,Gratuit ! Annulez sans frais jusqu'à 48 heures avant l'activité. Si vous annulez dans un délai moindre ou vous ne vous présentez pas: aucun remboursement ne vous sera proposé.,-1,-1,NewYork
Bus touristique de Washington DC,40,42.4,759 ,44841,Gratuit ! Annulez sans frais jusqu'à 24 heures avant l'activité. Si vous annulez dans un délai moindre ou vous ne vous présentez pas: aucun remboursement ne vous sera proposé.,1 jour - 2 jours,Français,Washington
Visite du Cimetière d'Arlington et des Mémoriaux de Washington,1,76.1,33 ,-1,Non remboursable. Cette activité n'admet pas d'annulation.,4 heures,Anglais,Washington
Carte eSIM avec Internet aux États-Unis,14,21.6,,6.70 / 10,Non remboursable. Cette activité n'admet aucune annulation ou modification.,10 jours - 30 jours,-1,Washington
Visite guidée de Washington DC,-1,62.6,4 ,-1,Gratuit ! Annulez sans frais jusqu'à 7 jours avant l'activité. Si vous annulez dans un délai moindre ou vous ne vous présentez pas: aucun remboursement ne vous sera proposé.,3 heures,Français,Washington
Balade en segway dans Washington DC,-1,61.6,9 ,-1,Gratuit ! Annulez sans frais jusqu'à 3 jours avant l'activité. Si vous annulez dans un délai moindre ou vous ne vous présentez pas: aucun remboursement ne vous sera proposé.,2h30,Anglais,Washington
Train touristique du cimetière d'Arlington,-1,62.6,20 ,-1,Non remboursable. Cette activité n'admet pas d'annulation.,1 jour,Anglais,Washington
Excursion shopping au Leesburg Premium Outlets,1,17.3,4 ,-1,Gratuit ! Annulez sans frais jusqu'à 24 heures avant l'activité. Si vous annulez dans un délai moindre ou vous ne vous présentez pas: aucun remboursement ne vous sera proposé.,-1,Anglais, espagnol et d'autres langues,Washington
Visite de nuit en bus décapotable,-1,57.7,6 ,-1,Gratuit ! Annulez sans frais jusqu'à 24 heures avant l'activité. Si vous annulez dans un délai moindre ou vous ne vous présentez pas: aucun remboursement ne vous sera proposé.,1h30,Français,Washington
Déjeuner-croisière à Washington,-1,42.4,2 ,-1,Non remboursable. Cette activité n'admet aucune annulation ou modification.,2 heures,-1,Washington
Dîner-croisière à Washington,-1,107.6,1 voyageur,-1,Non remboursable. Cette activité n'admet aucune annulation ou modification.,2h30,-1,Washington
Balade à vélo dans Washington,-1,198.4,8 ,-1,Gratuit ! Annulez sans frais jusqu'à 3 jours avant l'activité. Si vous annulez dans un délai moindre ou vous ne vous présentez pas: aucun remboursement ne vous sera proposé.,3 heures,Anglais,Washington
Excursion à Muir Woods et Sausalito,-1,75,32 ,-1,Non remboursable. Cette activité n'admet pas d'annulation.,4h - 6h,Anglais,San Francisco
Bus touristique de San Francisco,134,47,2 541 ,8.60 / 10,Gratuit ! Annulez sans frais jusqu'à 24 heures avant l'activité. Si vous annulez dans un délai moindre ou vous ne vous présentez pas: aucun remboursement ne vous sera proposé.,1 jour - 2 jours,Français,San Francisco
Location de vélos à San Francisco,2,30.4,59 ,-1,Gratuit ! Annulez sans frais jusqu'à 24 heures avant l'activité. Si vous annulez dans un délai moindre ou vous ne vous présentez pas: aucun remboursement ne vous sera proposé.,1 jour,-1,San Francisco
Go City : San Francisco Explorer Pass,6,55.1,122 ,9.30 / 10,Gratuit ! Annulez sans frais jusqu'à 24 heures avant l'activité. Si vous annulez dans un délai moindre ou vous ne vous présentez pas: aucun remboursement ne vous sera proposé.,-1,-1,San Francisco
Go City : San Francisco All-Inclusive Pass,35,63.6,602 ,8.50 / 10,Gratuit ! Annulez sans frais jusqu'à 24 heures avant l'activité. Si vous annulez dans un délai moindre ou vous ne vous présentez pas: aucun remboursement ne vous sera proposé.,1 jour - 5 jours,-1,San Francisco
Croisière sous les ponts de San Francisco,107,45.6,1 356 ,9.50 / 10,Non remboursable. Cette activité n'admet pas d'annulation.,1h30,Français,San Francisco
Balade en bateau dans la Baie de San Francisco,142,55.6,2 448 ,9.40 / 10,Non remboursable. Cette activité n'admet pas d'annulation.,1 heure,Français,San Francisco
Free tour dans San Francisco,988,36.1,7 930 ,9.30 / 10,-1,2h30,Anglais,San Francisco
Carte eSIM avec Internet aux États-Unis,14,0,,6.70 / 10,Non remboursable. Cette activité n'admet aucune annulation ou modification.,10 jours - 30 jours,-1,San Francisco
San Francisco CityPASS,-1,21.3,18 ,-1,Non remboursable. Cette activité n'admet aucune annulation ou modification.,9 jours,-1,San Francisco
Visite des quartiers historiques dans San Francisco,-1,72.2,6 ,-1,Non remboursable. Cette activité n'admet pas d'annulation.,3h30,Français,San Francisco
Visite privée dans San Francisco avec guide francophone,1,49,6 ,-1,Gratuit ! Annulez sans frais jusqu'à 3 jours avant l'activité. Si vous annulez dans un délai moindre ou vous ne vous présentez pas: aucun remboursement ne vous sera proposé.,-1,Français,San Francisco
Circuit de 7 jours à San Francisco,-1,237.5,5 ,-1,Gratuit ! Annulez sans frais jusqu'à 24 heures avant l'activité. Si vous annulez dans un délai moindre ou vous ne vous présentez pas: aucun remboursement ne vous sera proposé.,7 jours,Français,San Francisco
Excursion au Parc National de Yosemite,286,1263,2 409 ,7.80 / 10,Si vous annulez avec plus de 3 jours d’avance: vous aurez à payer une pénalité de 35 US$ (33:70 €). Si vous annulez dans un délai moindre ou vous ne vous présentez pas: aucun remboursement ne vous sera proposé.,-1,Anglais,San Francisco
Visite de nuit de San Francisco en bus à toit ouvert,8,189,217 ,5.80 / 10,Gratuit ! Annulez sans frais jusqu'à 24 heures avant l'activité. Si vous annulez dans un délai moindre ou vous ne vous présentez pas: aucun remboursement ne vous sera proposé.,1h30,Anglais,San Francisco
Visite de San Francisco et d'Alcatraz,2,33.2,60 ,-1,Gratuit ! Annulez sans frais jusqu'à 24 heures avant l'activité. Si vous annulez dans un délai moindre ou vous ne vous présentez pas: aucun remboursement ne vous sera proposé.,7h30,Anglais,San Francisco
Visite guidée dans le San Francisco alternatif et artistique,1,118.7,3 ,-1,Non remboursable. Cette activité n'admet pas d'annulation.,3h30,Français,San Francisco
Visite complète de San Francisco,2,49,28 ,-1,Non remboursable. Cette activité n'admet pas d'annulation.,4 heures,Anglais,San Francisco
Balade en catamaran au coucher de soleil,8,57,129 ,-1,Gratuit ! Annulez sans frais jusqu'à 3 jours avant l'activité. Si vous annulez dans un délai moindre ou vous ne vous présentez pas: aucun remboursement ne vous sera proposé.,1h30,Français,San Francisco
Free tour de nuit dans San Francisco,37,71.2,305 ,7.80 / 10,-1,2 heures,Anglais,San Francisco
Vol au dessus de la baie de San Francisco en hydravion,1,0,15 ,-1,Gratuit ! Annulez sans frais jusqu'à 3 jours avant l'activité. Si vous annulez dans un délai moindre ou vous ne vous présentez pas: aucun remboursement ne vous sera proposé.,20 min - 1h,Anglais,San Francisco
Visite des points de vue et des collines de San Francisco,-1,179.5,1 voyageur,-1,Gratuit ! Annulez sans frais jusqu'à 3 jours avant l'activité. Si vous annulez dans un délai moindre ou vous ne vous présentez pas: aucun remboursement ne vous sera proposé.,3 heures,Français,San Francisco
Visite dans Fisherman's Wharf,-1,45.6,824 ,-1,Gratuit ! Annulez sans frais jusqu'à 24 heures avant l'activité. Si vous annulez dans un délai moindre ou vous ne vous présentez pas: aucun remboursement ne vous sera proposé.,1 heure,Anglais,San Francisco
Muir Woods et les vignobles de Californie,97,23.7,2 ,7.90 / 10,Si vous annulez avec plus de 3 jours d’avance: vous aurez à payer une pénalité de 35 US$ (33:70 €). Si vous annulez dans un délai moindre ou vous ne vous présentez pas: aucun remboursement ne vous sera proposé.,-1,Espagnol,San Francisco
Balade à vélo dans San Francisco + Alcatraz,-1,160.5,32 ,-1,Non remboursable. Cette activité n'admet pas d'annulation.,2 jours,Anglais,San Francisco
Visite du San Francisco iconique,-1,122.5,2 ,-1,Gratuit ! Annulez sans frais jusqu'à 3 jours avant l'activité. Si vous annulez dans un délai moindre ou vous ne vous présentez pas: aucun remboursement ne vous sera proposé.,3 heures,Français,San Francisco
Balade en catamaran dans la baie de San Francisco,2,45.6,11 ,-1,Gratuit ! Annulez sans frais jusqu'à 3 jours avant l'activité. Si vous annulez dans un délai moindre ou vous ne vous présentez pas: aucun remboursement ne vous sera proposé.,1h30,Français,San Francisco
Billet pour Madame Tussauds,-1,57,17 ,-1,Non remboursable. Cette activité n'admet aucune annulation ou modification.,-1,-1,San Francisco
Visite gastronomique dans San Francisco,2,28.4,26 ,-1,Gratuit ! Annulez sans frais jusqu'à 24 jours avant l'activité. Si vous annulez dans un délai moindre ou vous ne vous présentez pas: aucun remboursement ne vous sera proposé.,2 heures,Anglais,San Francisco
Croisière à San Francisco avec déjeuner,-1,61.7,51 ,-1,Non remboursable. Cette activité n'admet pas d'annulation.,3 heures,-1,San Francisco
Balade en segway dans San Francisco,1,106.4,15 ,-1,Gratuit ! Annulez sans frais jusqu'à 3 jours avant l'activité. Si vous annulez dans un délai moindre ou vous ne vous présentez pas: aucun remboursement ne vous sera proposé.,2h30,Anglais,San Francisco
Vol en avion à San Francisco,2,75,268 ,-1,Gratuit ! Annulez sans frais jusqu'à 48 heures avant l'activité. Si vous annulez dans un délai moindre ou vous ne vous présentez pas: aucun remboursement ne vous sera proposé.,40 min - 1h30,Anglais,San Francisco
Balade en GoCar dans San Francisco,4,492.1,19 ,-1,Gratuit ! Annulez sans frais jusqu'à 24 heures avant l'activité. Si vous annulez dans un délai moindre ou vous ne vous présentez pas: aucun remboursement ne vous sera proposé.,1h - 3h,Français,San Francisco
Excursion aux vallées viticoles de Napa et Sonoma,4,87.8,35 ,9.50 / 10,Non remboursable. Cette activité n'admet pas d'annulation.,8 heures,Anglais,San Francisco
Bus touristique de San Francisco + Billet pour Alcatraz,8,141.5,2 ,7.50 / 10,Gratuit ! Annulez sans frais jusqu'à 10 jours avant l'activité. Si vous annulez dans un délai moindre ou vous ne vous présentez pas: aucun remboursement ne vous sera proposé.,1 jour,-1,San Francisco
Visite à la découverte des nouvelles technologies à San Francisco,-1,104.5,2 ,-1,Gratuit ! Annulez sans frais jusqu'à 24 heures avant l'activité. Si vous annulez dans un délai moindre ou vous ne vous présentez pas: aucun remboursement ne vous sera proposé.,2 heures,Anglais,San Francisco
Billets pour les Universal Studios Hollywood,154,108.3,3 728 ,9.50 / 10,Non remboursable. Cette activité n'admet aucune annulation ou modification.,-1,-1,Los Angeles
Visite guidée à travers Hollywood Boulevard,-1,39,10 ,-1,Non remboursable. Cette activité n'admet pas d'annulation.,2h30,Français,Los Angeles
Carte eSIM avec Internet aux États-Unis,14,21.3,,6.70 / 10,Non remboursable. Cette activité n'admet aucune annulation ou modification.,10 jours - 30 jours,-1,Los Angeles
Cours de surf à Venice Beach,1,56,62 ,-1,Gratuit ! Annulez sans frais jusqu'à 24 heures avant l'activité. Si vous annulez dans un délai moindre ou vous ne vous présentez pas: aucun remboursement ne vous sera proposé.,2 heures,Anglais,Los Angeles
Excursion de 2 jours à Las Vegas et au barrage Hoover,-1,299.3,43 ,-1,Gratuit ! Annulez sans frais jusqu'à 24 heures avant l'activité. Si vous annulez dans un délai moindre ou vous ne vous présentez pas: aucun remboursement ne vous sera proposé.,2 jours,Français,Los Angeles
Bus touristique de Los Angeles,66,65,1 091 ,8.30 / 10,Gratuit ! Annulez sans frais jusqu'à 24 heures avant l'activité. Si vous annulez dans un délai moindre ou vous ne vous présentez pas: aucun remboursement ne vous sera proposé.,1 jour,Français,Los Angeles
-1,-1,42.7,1 167 ,-1,-1,-1,-1,Los Angeles
Go City : Los Angeles All-Inclusive Pass,18,65.5,998 ,8.60 / 10,Gratuit ! Annulez sans frais jusqu'à 24 heures avant l'activité. Si vous annulez dans un délai moindre ou vous ne vous présentez pas: aucun remboursement ne vous sera proposé.,1 jour - 7 jours,-1,Los Angeles
Billet pour le Musée de l'USS Iowa,2,94,770 ,-1,Gratuit ! Annulez sans frais jusqu'à 48 heures avant l'activité. Si vous annulez dans un délai moindre ou vous ne vous présentez pas: aucun remboursement ne vous sera proposé.,-1,-1,Los Angeles
Visite guidée à vélo dans Santa Monica et Venice Beach,-1,19,18 ,-1,Non remboursable. Cette activité n'admet pas d'annulation.,3h30,Français,Los Angeles
Go City Los Angeles Explorer Pass,-1,9,3 ,-1,Gratuit ! Annulez sans frais jusqu'à 24 heures avant l'activité. Si vous annulez dans un délai moindre ou vous ne vous présentez pas: aucun remboursement ne vous sera proposé.,-1,-1,Los Angeles
Excursion de 5 jours à Las Vegas et dans le désert de l'Arizona,-1,64,66 ,-1,Gratuit ! Annulez sans frais jusqu'à 24 heures avant l'activité. Si vous annulez dans un délai moindre ou vous ne vous présentez pas: aucun remboursement ne vous sera proposé.,5 jours,Français,Los Angeles
Randonnée au Parc Griffith,-1,78.8,1 voyageur,-1,Gratuit ! Annulez sans frais jusqu'à 24 jours avant l'activité. Si vous annulez dans un délai moindre ou vous ne vous présentez pas: aucun remboursement ne vous sera proposé.,2 heures,Anglais,Los Angeles
Visite gastronomique dans Los Angeles,-1,907.4,14 ,-1,Non remboursable. Cette activité n'admet pas d'annulation.,3h - 3h15,Anglais,Los Angeles
Billet pour Disneyland California,-1,33.2,5 ,-1,Non remboursable. Cette activité n'admet pas d'annulation.,-1,-1,Los Angeles
Visite de Venice Beach,-1,83.6,10 ,-1,Gratuit ! Annulez sans frais jusqu'à 7 jours avant l'activité. Si vous annulez avec plus de 3 jours d’avance: nous vous rembourserons 50%. Si vous annulez dans un délai moindre ou vous ne vous présentez pas: aucun remboursement ne vous sera proposé.,3 heures,Français,Los Angeles
Kayak avec des otaries à Marina del Rey,1,316.4,48 ,-1,Gratuit ! Annulez sans frais jusqu'à 3 jours avant l'activité. Si vous annulez avec plus de 24 heures d’avance: vous aurez à payer une pénalité de 20 US$ (19:30 €). Si vous annulez dans un délai moindre ou vous ne vous présentez pas: aucun remboursement ne vous sera proposé.,2 heures,Anglais,Los Angeles
Visite à travers le centre historique de Los Angeles,-1,52.2,111 ,-1,Non remboursable. Cette activité n'admet pas d'annulation.,-1,Français,Los Angeles
Excursion à Malibu en van Volkswagen + Surf,-1,65.5,9 ,-1,Gratuit ! Annulez sans frais jusqu'à 24 heures avant l'activité. Si vous annulez dans un délai moindre ou vous ne vous présentez pas: aucun remboursement ne vous sera proposé.,6 heures,Anglais,Los Angeles
Randonnée jusqu'au Hollywood Sign,-1,49,13 ,-1,Gratuit ! Annulez sans frais jusqu'à 7 jours avant l'activité. Si vous annulez avec plus de 3 jours d’avance: nous vous rembourserons 50%. Si vous annulez dans un délai moindre ou vous ne vous présentez pas: aucun remboursement ne vous sera proposé.,3 heures,Français,Los Angeles
Paddle surf avec des otaries à Marina del Rey,-1,210.9,67 ,-1,Gratuit ! Annulez sans frais jusqu'à 3 jours avant l'activité. Si vous annulez avec plus de 24 heures d’avance: vous aurez à payer une pénalité de 20 US$ (19:30 €). Si vous annulez dans un délai moindre ou vous ne vous présentez pas: aucun remboursement ne vous sera proposé.,2 heures,Anglais,Los Angeles
Circuit de 8 jours sur la côte ouest,-1,52.2,7 ,-1,Gratuit ! Annulez sans frais jusqu'à 24 heures avant l'activité. Si vous annulez dans un délai moindre ou vous ne vous présentez pas: aucun remboursement ne vous sera proposé.,8 jours,Français,Los Angeles
Visite de Malibu en van Volkswagen + Dégustation de vin,1,65.5,1 voyageur,-1,Gratuit ! Annulez sans frais jusqu'à 24 heures avant l'activité. Si vous annulez dans un délai moindre ou vous ne vous présentez pas: aucun remboursement ne vous sera proposé.,4 heures,Anglais,Los Angeles
Excursion de 3 jours en Californie,2,1420,3 ,-1,Gratuit ! Annulez sans frais jusqu'à 24 heures avant l'activité. Si vous annulez dans un délai moindre ou vous ne vous présentez pas: aucun remboursement ne vous sera proposé.,3 jours,Français,Los Angeles
Visite à la découverte de Little Tokyo et de l'Art District,-1,170,3 728 ,-1,Non remboursable. Cette activité n'admet pas d'annulation.,3h30,Français,Los Angeles
Billet pour Madame Tussauds,1,503.5,10 ,-1,Non remboursable. Cette activité n'admet aucune annulation ou modification.,-1,-1,Los Angeles
Visite à la découverte des mystères et légendes de Los Angeles,-1,49,,-1,Non remboursable. Cette activité n'admet pas d'annulation.,2 heures,Anglais,Los Angeles
Balade à vélo électrique dans Los Angeles,-1,28.4,62 ,-1,Gratuit ! Annulez sans frais jusqu'à 24 heures avant l'activité. Si vous annulez dans un délai moindre ou vous ne vous présentez pas: aucun remboursement ne vous sera proposé.,3 heures,Anglais,Los Angeles
Dîner-croisière dans la Marina del Rey,-1,27.5,1 091 ,-1,Non remboursable. Cette activité n'admet pas d'annulation.,2 heures,-1,Los Angeles
Vol en avion au-dessus de Los Angeles,-1,75,43 ,-1,Gratuit ! Annulez sans frais jusqu'à 48 heures avant l'activité. Si vous annulez dans un délai moindre ou vous ne vous présentez pas: aucun remboursement ne vous sera proposé.,1 heure,Anglais,Los Angeles
Billets pour les Universal Studios Hollywood,154,173.9,1 167 ,9.50 / 10,Non remboursable. Cette activité n'admet aucune annulation ou modification.,-1,-1,Los Angeles
Visite guidée à travers Hollywood Boulevard,-1,284.1,998 ,-1,Non remboursable. Cette activité n'admet pas d'annulation.,2h30,Français,Los Angeles
Carte eSIM avec Internet aux États-Unis,14,108.3,770 ,6.70 / 10,Non remboursable. Cette activité n'admet aucune annulation ou modification.,10 jours - 30 jours,-1,Los Angeles
Cours de surf à Venice Beach,1,39,18 ,-1,Gratuit ! Annulez sans frais jusqu'à 24 heures avant l'activité. Si vous annulez dans un délai moindre ou vous ne vous présentez pas: aucun remboursement ne vous sera proposé.,2 heures,Anglais,Los Angeles
Excursion de 2 jours à Las Vegas et au barrage Hoover,-1,21.3,3 ,-1,Gratuit ! Annulez sans frais jusqu'à 24 heures avant l'activité. Si vous annulez dans un délai moindre ou vous ne vous présentez pas: aucun remboursement ne vous sera proposé.,2 jours,Français,Los Angeles
Bus touristique de Los Angeles,66,56,66 ,8.30 / 10,Gratuit ! Annulez sans frais jusqu'à 24 heures avant l'activité. Si vous annulez dans un délai moindre ou vous ne vous présentez pas: aucun remboursement ne vous sera proposé.,1 jour,Français,Los Angeles
-1,-1,65,1 voyageur,-1,-1,-1,-1,Los Angeles
Go City : Los Angeles All-Inclusive Pass,18,299.3,14 ,8.60 / 10,Gratuit ! Annulez sans frais jusqu'à 24 heures avant l'activité. Si vous annulez dans un délai moindre ou vous ne vous présentez pas: aucun remboursement ne vous sera proposé.,1 jour - 7 jours,-1,Los Angeles
Billet pour le Musée de l'USS Iowa,2,42.7,5 ,-1,Gratuit ! Annulez sans frais jusqu'à 48 heures avant l'activité. Si vous annulez dans un délai moindre ou vous ne vous présentez pas: aucun remboursement ne vous sera proposé.,-1,-1,Los Angeles
Visite guidée à vélo dans Santa Monica et Venice Beach,-1,65.5,10 ,-1,Non remboursable. Cette activité n'admet pas d'annulation.,3h30,Français,Los Angeles
Go City Los Angeles Explorer Pass,-1,9,48 ,-1,Gratuit ! Annulez sans frais jusqu'à 24 heures avant l'activité. Si vous annulez dans un délai moindre ou vous ne vous présentez pas: aucun remboursement ne vous sera proposé.,-1,-1,Los Angeles
Excursion de 5 jours à Las Vegas et dans le désert de l'Arizona,-1,94,111 ,-1,Gratuit ! Annulez sans frais jusqu'à 24 heures avant l'activité. Si vous annulez dans un délai moindre ou vous ne vous présentez pas: aucun remboursement ne vous sera proposé.,5 jours,Français,Los Angeles
Randonnée au Parc Griffith,-1,19,9 ,-1,Gratuit ! Annulez sans frais jusqu'à 24 jours avant l'activité. Si vous annulez dans un délai moindre ou vous ne vous présentez pas: aucun remboursement ne vous sera proposé.,2 heures,Anglais,Los Angeles
Visite gastronomique dans Los Angeles,-1,64,13 ,-1,Non remboursable. Cette activité n'admet pas d'annulation.,3h - 3h15,Anglais,Los Angeles
Billet pour Disneyland California,-1,78.8,67 ,-1,Non remboursable. Cette activité n'admet pas d'annulation.,-1,-1,Los Angeles
Visite de Venice Beach,-1,907.4,7 ,-1,Gratuit ! Annulez sans frais jusqu'à 7 jours avant l'activité. Si vous annulez avec plus de 3 jours d’avance: nous vous rembourserons 50%. Si vous annulez dans un délai moindre ou vous ne vous présentez pas: aucun remboursement ne vous sera proposé.,3 heures,Français,Los Angeles
Kayak avec des otaries à Marina del Rey,1,33.2,1 voyageur,-1,Gratuit ! Annulez sans frais jusqu'à 3 jours avant l'activité. Si vous annulez avec plus de 24 heures d’avance: vous aurez à payer une pénalité de 20 US$ (19:30 €). Si vous annulez dans un délai moindre ou vous ne vous présentez pas: aucun remboursement ne vous sera proposé.,2 heures,Anglais,Los Angeles
Visite à travers le centre historique de Los Angeles,-1,83.6,3 ,-1,Non remboursable. Cette activité n'admet pas d'annulation.,-1,Français,Los Angeles
Mariage avec Elvis à Las Vegas,258,205.2,2 668 ,9.10 / 10,Gratuit ! Annulez sans frais jusqu'à 7 jours avant l'activité. Si vous annulez dans un délai moindre ou vous ne vous présentez pas: aucun remboursement ne vous sera proposé.,-1,Français,Las Vegas
Battlefield Shooting Experience,168,109.2,1 301 ,9.70 / 10,Gratuit ! Annulez sans frais jusqu'à 48 heures avant l'activité. Si vous annulez dans un délai moindre ou vous ne vous présentez pas: aucun remboursement ne vous sera proposé.,-1,Anglais,Las Vegas
V - The Ultimate Variety Show,1,65.9,61 ,-1,Non remboursable. Cette activité n'admet pas d'annulation.,1h15,-1,Las Vegas
Pass Go City Las Vegas Explorer,6,56,171 ,8.30 / 10,Gratuit ! Annulez sans frais jusqu'à 24 heures avant l'activité. Si vous annulez dans un délai moindre ou vous ne vous présentez pas: aucun remboursement ne vous sera proposé.,-1,-1,Las Vegas
Carte eSIM avec Internet aux États-Unis,14,21.3,,6.70 / 10,Non remboursable. Cette activité n'admet aucune annulation ou modification.,10 jours - 30 jours,-1,Las Vegas
Visite de nuit dans Las Vegas,879,34.5,13 666 ,9.30 / 10,Gratuit ! Annulez sans frais jusqu'à 3 jours avant l'activité. Si vous annulez dans un délai moindre ou vous ne vous présentez pas: aucun remboursement ne vous sera proposé.,4 heures,Anglais,Las Vegas
Offre : Grand Canyon + Las Vegas,366,60.8,7 914 ,9.70 / 10,Gratuit ! Annulez sans frais jusqu'à 3 jours avant l'activité. Si vous annulez dans un délai moindre ou vous ne vous présentez pas: aucun remboursement ne vous sera proposé.,12h - 14h,Anglais,Las Vegas
Excursion à Antelope Canyon,43,213.7,537 ,7.40 / 10,Gratuit ! Annulez sans frais jusqu'à 24 heures avant l'activité. Si vous annulez dans un délai moindre ou vous ne vous présentez pas: aucun remboursement ne vous sera proposé.,12 heures,Français,Las Vegas
Billet pour Madame Tussauds,-1,198.5,22 ,-1,Non remboursable. Cette activité n'admet aucune annulation ou modification.,-1,-1,Las Vegas
Circuit de 3 jours dans le désert de l'Arizona,-1,35.1,19 ,-1,Gratuit ! Annulez sans frais jusqu'à 24 heures avant l'activité. Si vous annulez dans un délai moindre ou vous ne vous présentez pas: aucun remboursement ne vous sera proposé.,3 jours,Français,Las Vegas
Excursion complète au Grand Canyon en avion de tourisme,219,560.6,2 500 ,8.70 / 10,Gratuit ! Annulez sans frais jusqu'à 48 heures avant l'activité. Si vous annulez dans un délai moindre ou vous ne vous présentez pas: aucun remboursement ne vous sera proposé.,-1,Anglais,Las Vegas
Go City : Las Vegas All-Inclusive Pass,17,317.3,306 ,9.40 / 10,Gratuit ! Annulez sans frais jusqu'à 24 heures avant l'activité. Si vous annulez dans un délai moindre ou vous ne vous présentez pas: aucun remboursement ne vous sera proposé.,2 jours - 5 jours,-1,Las Vegas
Excursion à la Vallée de la Mort,-1,113,2 ,-1,Gratuit ! Annulez sans frais jusqu'à 48 heures avant l'activité. Si vous annulez dans un délai moindre ou vous ne vous présentez pas: aucun remboursement ne vous sera proposé.,-1,Français,Las Vegas
Billets pour Michael Jackson ONE,11,246,294 ,-1,Non remboursable. Cette activité n'admet pas d'annulation.,1h30,-1,Las Vegas
Vol en avion de voltige,1,131.8,8 ,-1,Non remboursable. Cette activité n'admet pas d'annulation.,-1,Anglais,Las Vegas
Bus touristique de Las Vegas,20,345.8,426 ,5.50 / 10,Gratuit ! Annulez sans frais jusqu'à 24 heures avant l'activité. Si vous annulez dans un délai moindre ou vous ne vous présentez pas: aucun remboursement ne vous sera proposé.,1 jour,Anglais,Las Vegas
Excursion au Grand Canyon rive ouest,40,42.7,261 ,9.50 / 10,Gratuit ! Annulez sans frais jusqu'à 24 heures avant l'activité. Si vous annulez dans un délai moindre ou vous ne vous présentez pas: aucun remboursement ne vous sera proposé.,9h - 11h,Français,Las Vegas
Balade en avion de tourisme au-dessus du Grand Canyon,30,217.5,526 ,9.10 / 10,Gratuit ! Annulez sans frais jusqu'à 48 heures avant l'activité. Si vous annulez dans un délai moindre ou vous ne vous présentez pas: aucun remboursement ne vous sera proposé.,-1,Français et d'autres langues,Las Vegas
Billets pour O,5,198.5,161 ,8.40 / 10,Non remboursable. Cette activité n'admet pas d'annulation.,1h30,-1,Las Vegas
Mariage au Grand Canyon + Hélicoptère,-1,155.1,5 ,-1,Gratuit ! Annulez sans frais jusqu'à 3 jours avant l'activité. Si vous annulez dans un délai moindre: nous vous rembourserons à hauteur de 50%. Si vous ne vous présentez pas: aucun remboursement ne vous sera proposé.,-1,Français,Las Vegas
Balade à vélo électrique au canyon Red Rock,-1,3724,285 ,-1,Gratuit ! Annulez sans frais jusqu'à 24 heures avant l'activité. Si vous annulez dans un délai moindre ou vous ne vous présentez pas: aucun remboursement ne vous sera proposé.,-1,Français,Las Vegas
Tir en hélicoptère,-1,108.3,10 ,-1,Gratuit ! Annulez sans frais jusqu'à 48 heures avant l'activité. Si vous annulez dans un délai moindre: nous vous rembourserons à hauteur de 100%. Si vous ne vous présentez pas: aucun remboursement ne vous sera proposé.,4h - 6h,Anglais,Las Vegas
Circuit de 7 jours de Las Vegas à San Francisco,-1,617.6,10 ,-1,Gratuit ! Annulez sans frais jusqu'à 7 jours avant l'activité. Si vous annulez dans un délai moindre ou vous ne vous présentez pas: aucun remboursement ne vous sera proposé.,7 jours,Français,Las Vegas
Visite de nuit en bus à toit ouvert,-1,1582,246 ,-1,Gratuit ! Annulez sans frais jusqu'à 24 heures avant l'activité. Si vous annulez dans un délai moindre ou vous ne vous présentez pas: aucun remboursement ne vous sera proposé.,3 heures,Anglais,Las Vegas
Excursion à la South Rim en avion de tourisme,21,47.5,22 ,9.20 / 10,Gratuit ! Annulez sans frais jusqu'à 48 heures avant l'activité. Si vous annulez dans un délai moindre ou vous ne vous présentez pas: aucun remboursement ne vous sera proposé.,-1,Anglais,Las Vegas
Excursion à Disneyland California,-1,550.1,338 ,-1,Gratuit ! Annulez sans frais jusqu'à 7 jours avant l'activité. Si vous annulez dans un délai moindre ou vous ne vous présentez pas: aucun remboursement ne vous sera proposé.,-1,-1,Las Vegas
Mariage dans la Vallée du Feu,-1,426.6,90 ,-1,Gratuit ! Annulez sans frais jusqu'à 3 jours avant l'activité. Si vous annulez dans un délai moindre: nous vous rembourserons à hauteur de 50%. Si vous ne vous présentez pas: aucun remboursement ne vous sera proposé.,-1,Français,Las Vegas
Excursion à South Rim,25,1202,140 ,7.30 / 10,Gratuit ! Annulez sans frais jusqu'à 3 jours avant l'activité. Si vous annulez dans un délai moindre ou vous ne vous présentez pas: aucun remboursement ne vous sera proposé.,-1,Anglais,Las Vegas
Circuit de 4 jours à la vallée de la Mort et à Yosemite jusqu'à San Francisco,-1,136.8,3 ,-1,Gratuit ! Annulez sans frais jusqu'à 7 jours avant l'activité. Si vous annulez dans un délai moindre ou vous ne vous présentez pas: aucun remboursement ne vous sera proposé.,4 jours,Français,Las Vegas
Excursion à Horseshoe Bend et à l'Antelope Canyon X,-1,755.3,15 ,-1,Gratuit ! Annulez sans frais jusqu'à 24 heures avant l'activité. Si vous annulez dans un délai moindre ou vous ne vous présentez pas: aucun remboursement ne vous sera proposé.,13 heures,Anglais,Las Vegas
Vol en hélicoptère à Las Vegas,32,179.5,25 ,9.40 / 10,Gratuit ! Annulez sans frais jusqu'à 3 jours avant l'activité. Si vous annulez dans un délai moindre ou vous ne vous présentez pas: aucun remboursement ne vous sera proposé.,-1,Anglais,Las Vegas
Excursion au barrage Hoover,7,136.8,871 ,5.70 / 10,Gratuit ! Annulez sans frais jusqu'à 24 heures avant l'activité. Si vous annulez dans un délai moindre ou vous ne vous présentez pas: aucun remboursement ne vous sera proposé.,-1,Anglais,Las Vegas
Excursion libre à Boulder City,-1,61.7,292 ,-1,Gratuit ! Annulez sans frais jusqu'à 24 heures avant l'activité. Si vous annulez dans un délai moindre ou vous ne vous présentez pas: aucun remboursement ne vous sera proposé.,-1,-1,Las Vegas
Cours de pole dance à Las Vegas,-1,23.7,147 ,-1,Non remboursable. Cette activité n'admet pas d'annulation.,1h15,-1,Las Vegas
Billets pour KÀ,10,56.4,98 ,9.20 / 10,Non remboursable. Cette activité n'admet pas d'annulation.,1h30,-1,Las Vegas
Excursion de 3 jours au Grand Canyon et en Utah,-1,130.7,24 ,-1,Gratuit ! Annulez sans frais jusqu'à 14 jours avant l'activité. Si vous annulez dans un délai moindre ou vous ne vous présentez pas: aucun remboursement ne vous sera proposé.,3 jours,Français,Las Vegas
Billet pour le Mob Museum,-1,660.3,6 ,-1,Gratuit ! Annulez sans frais jusqu'à 24 heures avant l'activité. Si vous annulez dans un délai moindre ou vous ne vous présentez pas: aucun remboursement ne vous sera proposé.,-1,-1,Las Vegas
Excursion au canyon de Zion,1,28.4,49 ,-1,Gratuit ! Annulez sans frais jusqu'à 24 jours avant l'activité. Si vous annulez dans un délai moindre ou vous ne vous présentez pas: aucun remboursement ne vous sera proposé.,10 heures,Français,Las Vegas
Excursion au Grand Canyon en hélicoptère,59,198.5,153 ,9.20 / 10,Gratuit ! Annulez sans frais jusqu'à 3 jours avant l'activité. Si vous annulez dans un délai moindre ou vous ne vous présentez pas: aucun remboursement ne vous sera proposé.,-1,Anglais,Las Vegas
Billets pour LOVE,16,502.6,7 ,9.40 / 10,Non remboursable. Cette activité n'admet pas d'annulation.,1h30,-1,Las Vegas
Combat aérien en avion acrobatique,-1,136.2,26 ,-1,Non remboursable. Cette activité n'admet pas d'annulation.,-1,Anglais,Las Vegas
Carte eSIM avec Internet aux États-Unis,14,21.3,,6.70 / 10,Non remboursable. Cette activité n'admet aucune annulation ou modification.,10 jours - 30 jours,-1,Chicago
Visite à la découverte de l'architecture de Chicago,109,46.5,1 860 ,9.40 / 10,Gratuit ! Annulez sans frais jusqu'à 48 heures avant l'activité. Si vous annulez dans un délai moindre ou vous ne vous présentez pas: aucun remboursement ne vous sera proposé.,2h30,Anglais,Chicago
Bus touristique de Chicago,18,41.9,429 ,9.10 / 10,Gratuit ! Annulez sans frais jusqu'à 24 heures avant l'activité. Si vous annulez dans un délai moindre ou vous ne vous présentez pas: aucun remboursement ne vous sera proposé.,1 jour - 2 jours,Anglais,Chicago
Chicago CityPASS,3,108.3,98 ,-1,Non remboursable. Cette activité n'admet aucune annulation ou modification.,9 jours,-1,Chicago
Visite privée dans Chicago,-1,76,3 ,-1,Gratuit ! Annulez sans frais jusqu'à 24 heures avant l'activité. Si vous annulez dans un délai moindre ou vous ne vous présentez pas: aucun remboursement ne vous sera proposé.,-1,Français,Chicago
Visite à la découverte des fantômes de Lincoln Park,-1,61.7,502 ,-1,Non remboursable. Cette activité n'admet pas d'annulation.,2 heures,Anglais,Chicago
Visite de nuit en bus à toit ouvert,-1,27.5,20 ,-1,Gratuit ! Annulez sans frais jusqu'à 24 heures avant l'activité. Si vous annulez dans un délai moindre ou vous ne vous présentez pas: aucun remboursement ne vous sera proposé.,1h30,Anglais,Chicago
Visite à la découverte des donuts à Chicago,-1,24.7,55 ,-1,Gratuit ! Annulez sans frais jusqu'à 48 heures avant l'activité. Si vous annulez dans un délai moindre ou vous ne vous présentez pas: aucun remboursement ne vous sera proposé.,2 heures,Anglais,Chicago
Dîner-croisière à Chicago,3,94,646 ,-1,Non remboursable. Cette activité n'admet aucune annulation ou modification.,2h30,-1,Chicago
Balade à vélo au Millenium Park et au Lac Michigan,-1,38,7 ,-1,Gratuit ! Annulez sans frais jusqu'à 3 jours avant l'activité. Si vous annulez dans un délai moindre ou vous ne vous présentez pas: aucun remboursement ne vous sera proposé.,3h30,Français,Chicago
Visite gastronomique dans Chicago,-1,172.4,44 ,-1,Gratuit ! Annulez sans frais jusqu'à 48 heures avant l'activité. Si vous annulez dans un délai moindre ou vous ne vous présentez pas: aucun remboursement ne vous sera proposé.,2 heures,Anglais,Chicago
Visite panoramique à la découverte des fantômes de Chicago,-1,115.5,368 ,-1,Non remboursable. Cette activité n'admet pas d'annulation.,3 heures,Anglais,Chicago
Bus touristique de Miami,62,41.9,1 019 ,7.40 / 10,Gratuit ! Annulez sans frais jusqu'à 24 heures avant l'activité. Si vous annulez dans un délai moindre ou vous ne vous présentez pas: aucun remboursement ne vous sera proposé.,1 jour,Français,Miami
Balade en bateau à travers les Villas des Stars,365,28.5,6 866 ,8.50 / 10,Non remboursable. Cette activité n'admet pas d'annulation.,1h30,Anglais,Miami
Balade en bateau à moteur à Miami,41,38,688 ,8.50 / 10,Gratuit ! Annulez sans frais jusqu'à 8 heures avant l'activité. Si vous annulez dans un délai moindre ou vous ne vous présentez pas: aucun remboursement ne vous sera proposé.,45 minutes,Anglais,Miami
Carte eSIM avec Internet aux États-Unis,14,21.3,,6.70 / 10,Non remboursable. Cette activité n'admet aucune annulation ou modification.,10 jours - 30 jours,-1,Miami
Offre : Contrastes de Miami + Everglades + Balade en bateau,97,116.8,2 928 ,9.40 / 10,Gratuit ! Annulez sans frais jusqu'à 36 heures avant l'activité. Si vous annulez dans un délai moindre ou vous ne vous présentez pas: aucun remboursement ne vous sera proposé.,8 heures,Anglais et espagnol,Miami
Excursion aux Everglades,322,46.5,4 395 ,7.90 / 10,Gratuit ! Annulez sans frais jusqu'à 24 heures avant l'activité. Si vous annulez dans un délai moindre ou vous ne vous présentez pas: aucun remboursement ne vous sera proposé.,4 heures,Anglais et espagnol,Miami
Balade en aéroglisseur dans les Everglades,28,62.6,9 111 ,7.70 / 10,Gratuit ! Annulez sans frais jusqu'à 24 heures avant l'activité. Si vous annulez dans un délai moindre ou vous ne vous présentez pas: aucun remboursement ne vous sera proposé.,2h30,-1,Miami
Offre : Everglades + Balade en bateau,143,25.3,636 ,8.40 / 10,Gratuit ! Annulez sans frais jusqu'à 48 heures avant l'activité. Si vous annulez dans un délai moindre ou vous ne vous présentez pas: aucun remboursement ne vous sera proposé.,7h30,Français,Miami
Go City Miami All-Inclusive Pass,8,98.8,1 636 ,7.20 / 10,Gratuit ! Annulez sans frais jusqu'à 24 heures avant l'activité. Si vous annulez dans un délai moindre ou vous ne vous présentez pas: aucun remboursement ne vous sera proposé.,1 jour - 5 jours,-1,Miami
Excursion sur l'île Key West,258,60.8,134 ,8.50 / 10,Gratuit ! Annulez sans frais jusqu'à 24 heures avant l'activité. Si vous annulez dans un délai moindre ou vous ne vous présentez pas: aucun remboursement ne vous sera proposé.,-1,Anglais et espagnol,Miami
Flyboard à Miami,-1,50.3,41 ,-1,Non remboursable. Cette activité n'admet pas d'annulation.,20 minutes,Anglais,Miami
Offre : Visite de Miami + Everglades,9,47.5,2 528 ,8.20 / 10,Gratuit ! Annulez sans frais jusqu'à 48 heures avant l'activité. Si vous annulez dans un délai moindre ou vous ne vous présentez pas: aucun remboursement ne vous sera proposé.,8 heures,Français,Miami
Balade privée en aéroglisseur dans les Everglades,3,9,6 ,-1,Gratuit ! Annulez sans frais jusqu'à 24 heures avant l'activité. Si vous annulez dans un délai moindre ou vous ne vous présentez pas: aucun remboursement ne vous sera proposé.,3 heures,-1,Miami
Offre : Visite dans Miami + Balade en bateau,2,249.8,80 ,-1,Gratuit ! Annulez sans frais jusqu'à 48 heures avant l'activité. Si vous annulez dans un délai moindre ou vous ne vous présentez pas: aucun remboursement ne vous sera proposé.,7h30,Français,Miami
Excursion aux Universal Orlando Resort,13,103.5,65 ,7.70 / 10,Gratuit ! Annulez sans frais jusqu'à 3 jours avant l'activité. Si vous annulez dans un délai moindre ou vous ne vous présentez pas: aucun remboursement ne vous sera proposé.,-1,-1,Miami
Vol en hélicoptère au-dessus de Miami,5,287.4,23 ,9.60 / 10,Gratuit ! Annulez sans frais jusqu'à 24 heures avant l'activité. Si vous annulez dans un délai moindre ou vous ne vous présentez pas: aucun remboursement ne vous sera proposé.,25 min - 30 min,Anglais,Miami
Visite guidée dans Little Havana,1,65.5,159 ,-1,Non remboursable. Cette activité n'admet pas d'annulation.,3h30,Français,Miami
Bus touristique de Miami,62,129.2,179 ,7.40 / 10,Gratuit ! Annulez sans frais jusqu'à 24 heures avant l'activité. Si vous annulez dans un délai moindre ou vous ne vous présentez pas: aucun remboursement ne vous sera proposé.,1 jour,Français,Miami
Balade en bateau à travers les Villas des Stars,365,246,3 ,8.50 / 10,Non remboursable. Cette activité n'admet pas d'annulation.,1h30,Anglais,Miami
Balade en bateau à moteur à Miami,41,45,1 019 ,8.50 / 10,Gratuit ! Annulez sans frais jusqu'à 8 heures avant l'activité. Si vous annulez dans un délai moindre ou vous ne vous présentez pas: aucun remboursement ne vous sera proposé.,45 minutes,Anglais,Miami
Carte eSIM avec Internet aux États-Unis,14,41.9,6 866 ,6.70 / 10,Non remboursable. Cette activité n'admet aucune annulation ou modification.,10 jours - 30 jours,-1,Miami
Offre : Contrastes de Miami + Everglades + Balade en bateau,97,28.5,688 ,9.40 / 10,Gratuit ! Annulez sans frais jusqu'à 36 heures avant l'activité. Si vous annulez dans un délai moindre ou vous ne vous présentez pas: aucun remboursement ne vous sera proposé.,8 heures,Anglais et espagnol,Miami
Excursion aux Everglades,322,38,,7.90 / 10,Gratuit ! Annulez sans frais jusqu'à 24 heures avant l'activité. Si vous annulez dans un délai moindre ou vous ne vous présentez pas: aucun remboursement ne vous sera proposé.,4 heures,Anglais et espagnol,Miami
Balade en aéroglisseur dans les Everglades,28,21.3,2 928 ,7.70 / 10,Gratuit ! Annulez sans frais jusqu'à 24 heures avant l'activité. Si vous annulez dans un délai moindre ou vous ne vous présentez pas: aucun remboursement ne vous sera proposé.,2h30,-1,Miami
Offre : Everglades + Balade en bateau,143,116.8,4 395 ,8.40 / 10,Gratuit ! Annulez sans frais jusqu'à 48 heures avant l'activité. Si vous annulez dans un délai moindre ou vous ne vous présentez pas: aucun remboursement ne vous sera proposé.,7h30,Français,Miami
Excursion sur l'île Key West,258,46.5,636 ,8.50 / 10,Gratuit ! Annulez sans frais jusqu'à 24 heures avant l'activité. Si vous annulez dans un délai moindre ou vous ne vous présentez pas: aucun remboursement ne vous sera proposé.,-1,Anglais et espagnol,Miami
Flyboard à Miami,-1,25.3,9 111 ,-1,Non remboursable. Cette activité n'admet pas d'annulation.,20 minutes,Anglais,Miami
Offre : Visite de Miami + Everglades,9,62.6,1 636 ,8.20 / 10,Gratuit ! Annulez sans frais jusqu'à 48 heures avant l'activité. Si vous annulez dans un délai moindre ou vous ne vous présentez pas: aucun remboursement ne vous sera proposé.,8 heures,Français,Miami
Balade privée en aéroglisseur dans les Everglades,3,98.8,134 ,-1,Gratuit ! Annulez sans frais jusqu'à 24 heures avant l'activité. Si vous annulez dans un délai moindre ou vous ne vous présentez pas: aucun remboursement ne vous sera proposé.,3 heures,-1,Miami
Offre : Visite dans Miami + Balade en bateau,2,60.8,41 ,-1,Gratuit ! Annulez sans frais jusqu'à 48 heures avant l'activité. Si vous annulez dans un délai moindre ou vous ne vous présentez pas: aucun remboursement ne vous sera proposé.,7h30,Français,Miami
Excursion aux Universal Orlando Resort,13,9,2 528 ,7.70 / 10,Gratuit ! Annulez sans frais jusqu'à 3 jours avant l'activité. Si vous annulez dans un délai moindre ou vous ne vous présentez pas: aucun remboursement ne vous sera proposé.,-1,-1,Miami
Vol en hélicoptère au-dessus de Miami,5,50.3,6 ,9.60 / 10,Gratuit ! Annulez sans frais jusqu'à 24 heures avant l'activité. Si vous annulez dans un délai moindre ou vous ne vous présentez pas: aucun remboursement ne vous sera proposé.,25 min - 30 min,Anglais,Miami
Visite guidée dans Little Havana,1,47.5,80 ,-1,Non remboursable. Cette activité n'admet pas d'annulation.,3h30,Français,Miami
Bus touristique de Miami,62,249.8,65 ,7.40 / 10,Gratuit ! Annulez sans frais jusqu'à 24 heures avant l'activité. Si vous annulez dans un délai moindre ou vous ne vous présentez pas: aucun remboursement ne vous sera proposé.,1 jour,Français,Miami
Balade en bateau à travers les Villas des Stars,365,103.5,23 ,8.50 / 10,Non remboursable. Cette activité n'admet pas d'annulation.,1h30,Anglais,Miami
Balade en bateau à moteur à Miami,41,287.4,159 ,8.50 / 10,Gratuit ! Annulez sans frais jusqu'à 8 heures avant l'activité. Si vous annulez dans un délai moindre ou vous ne vous présentez pas: aucun remboursement ne vous sera proposé.,45 minutes,Anglais,Miami
Carte eSIM avec Internet aux États-Unis,14,65.5,179 ,6.70 / 10,Non remboursable. Cette activité n'admet aucune annulation ou modification.,10 jours - 30 jours,-1,Miami
Offre : Contrastes de Miami + Everglades + Balade en bateau,97,129.2,3 ,9.40 / 10,Gratuit ! Annulez sans frais jusqu'à 36 heures avant l'activité. Si vous annulez dans un délai moindre ou vous ne vous présentez pas: aucun remboursement ne vous sera proposé.,8 heures,Anglais et espagnol,Miami
Excursion aux Everglades,322,246,1 019 ,7.90 / 10,Gratuit ! Annulez sans frais jusqu'à 24 heures avant l'activité. Si vous annulez dans un délai moindre ou vous ne vous présentez pas: aucun remboursement ne vous sera proposé.,4 heures,Anglais et espagnol,Miami
Balade en aéroglisseur dans les Everglades,28,45,6 866 ,7.70 / 10,Gratuit ! Annulez sans frais jusqu'à 24 heures avant l'activité. Si vous annulez dans un délai moindre ou vous ne vous présentez pas: aucun remboursement ne vous sera proposé.,2h30,-1,Miami
Offre : Everglades + Balade en bateau,143,41.9,688 ,8.40 / 10,Gratuit ! Annulez sans frais jusqu'à 48 heures avant l'activité. Si vous annulez dans un délai moindre ou vous ne vous présentez pas: aucun remboursement ne vous sera proposé.,7h30,Français,Miami
Go city Miami Explorer Pass,1,28.5,,-1,Gratuit ! Annulez sans frais jusqu'à 24 heures avant l'activité. Si vous annulez dans un délai moindre ou vous ne vous présentez pas: aucun remboursement ne vous sera proposé.,-1,-1,Miami
Excursion sur l'île Key West,258,38,2 928 ,8.50 / 10,Gratuit ! Annulez sans frais jusqu'à 24 heures avant l'activité. Si vous annulez dans un délai moindre ou vous ne vous présentez pas: aucun remboursement ne vous sera proposé.,-1,Anglais et espagnol,Miami
Flyboard à Miami,-1,21.3,4 395 ,-1,Non remboursable. Cette activité n'admet pas d'annulation.,20 minutes,Anglais,Miami
Offre : Visite de Miami + Everglades,9,116.8,636 ,8.20 / 10,Gratuit ! Annulez sans frais jusqu'à 48 heures avant l'activité. Si vous annulez dans un délai moindre ou vous ne vous présentez pas: aucun remboursement ne vous sera proposé.,8 heures,Français,Miami
Balade privée en aéroglisseur dans les Everglades,3,46.5,9 111 ,-1,Gratuit ! Annulez sans frais jusqu'à 24 heures avant l'activité. Si vous annulez dans un délai moindre ou vous ne vous présentez pas: aucun remboursement ne vous sera proposé.,3 heures,-1,Miami
Offre : Visite dans Miami + Balade en bateau,2,25.3,1 636 ,-1,Gratuit ! Annulez sans frais jusqu'à 48 heures avant l'activité. Si vous annulez dans un délai moindre ou vous ne vous présentez pas: aucun remboursement ne vous sera proposé.,7h30,Français,Miami
Excursion aux Universal Orlando Resort,13,62.6,134 ,7.70 / 10,Gratuit ! Annulez sans frais jusqu'à 3 jours avant l'activité. Si vous annulez dans un délai moindre ou vous ne vous présentez pas: aucun remboursement ne vous sera proposé.,-1,-1,Miami
Vol en hélicoptère au-dessus de Miami,5,98.8,41 ,9.60 / 10,Gratuit ! Annulez sans frais jusqu'à 24 heures avant l'activité. Si vous annulez dans un délai moindre ou vous ne vous présentez pas: aucun remboursement ne vous sera proposé.,25 min - 30 min,Anglais,Miami
Visite guidée dans Little Havana,1,60.8,2 528 ,-1,Non remboursable. Cette activité n'admet pas d'annulation.,3h30,Français,Miami
Billet pour le Centre Spatial Kennedy,2,58.7,125 ,-1,Gratuit ! Annulez sans frais jusqu'à 24 heures avant l'activité. Si vous annulez dans un délai moindre ou vous ne vous présentez pas: aucun remboursement ne vous sera proposé.,-1,-1,Orlando
Billets pour les Orlando Magic,6,28.8,134 ,9.70 / 10,Non remboursable. Cette activité n'admet pas d'annulation.,3 heures,-1,Orlando
Carte eSIM avec Internet aux États-Unis,14,21.6,,6.70 / 10,Non remboursable. Cette activité n'admet aucune annulation ou modification.,10 jours - 30 jours,-1,Orlando
Balade en aéroglisseur dans les Everglades,1,32.1,50 ,-1,Gratuit ! Annulez sans frais jusqu'à 24 heures avant l'activité. Si vous annulez dans un délai moindre ou vous ne vous présentez pas: aucun remboursement ne vous sera proposé.,30 min - 1h,-1,Orlando
Billet pour Madame Tussauds,-1,32.7,14 ,-1,Non remboursable. Cette activité n'admet aucune annulation ou modification.,-1,-1,Orlando
Billet pour l'Universal Orlando Resort,15,356.4,1 085 ,9.60 / 10,Non remboursable. Cette activité n'admet pas d'annulation.,-1,-1,Orlando
Billet pour WonderWorks,-1,45.5,62 ,-1,Non remboursable. Cette activité n'admet pas d'annulation.,-1,-1,Orlando
Billet pour la grande roue The Wheel de l'ICON Park,-1,35.8,25 ,-1,Non remboursable. Cette activité n'admet pas d'annulation.,25 minutes,-1,Orlando
Excursion à Saint Augustine,4,30.7,57 ,-1,Gratuit ! Annulez sans frais jusqu'à 24 heures avant l'activité. Si vous annulez dans un délai moindre ou vous ne vous présentez pas: aucun remboursement ne vous sera proposé.,10 heures,Anglais,Orlando
Billet pour le Musée des Illusions,-1,81.8,20 ,-1,Non remboursable. Cette activité n'admet pas d'annulation.,-1,-1,Orlando
Pass Go City Orlando Explorer,2,25.9,69 ,-1,Gratuit ! Annulez sans frais jusqu'à 24 heures avant l'activité. Si vous annulez dans un délai moindre ou vous ne vous présentez pas: aucun remboursement ne vous sera proposé.,60 jours,-1,Orlando
Billet pour SEA LIFE® Orlando,1,52,52 ,-1,Non remboursable. Cette activité n'admet aucune annulation ou modification.,-1,-1,Orlando
Excursion à Miami,9,32.7,4 ,6.40 / 10,Gratuit ! Annulez sans frais jusqu'à 24 heures avant l'activité. Si vous annulez dans un délai moindre ou vous ne vous présentez pas: aucun remboursement ne vous sera proposé.,16 heures,Anglais,Orlando
Billet pour SeaWorld Orlando,-1,124.2,62 ,-1,Non remboursable. Cette activité n'admet pas d'annulation.,1 jour - 14 jours,-1,Orlando
Go City : Orlando All-Inclusive Pass,-1,98.2,490 ,-1,Gratuit ! Annulez sans frais jusqu'à 24 heures avant l'activité. Si vous annulez dans un délai moindre ou vous ne vous présentez pas: aucun remboursement ne vous sera proposé.,2 jours - 5 jours,-1,Orlando
Billet pour Madame Tussauds + SEA LIFE® Orlando,1,148.3,21 ,-1,Non remboursable. Cette activité n'admet aucune annulation ou modification.,-1,-1,Orlando
Excursion au Centre Spatial Kennedy,39,42,80 ,7.60 / 10,Gratuit ! Annulez sans frais jusqu'à 48 heures avant l'activité. Si vous annulez dans un délai moindre ou vous ne vous présentez pas: aucun remboursement ne vous sera proposé.,-1,-1,Orlando
Visite guidée d'Orlando avec balade en bateau,-1,76.1,68 ,-1,Gratuit ! Annulez sans frais jusqu'à 24 heures avant l'activité. Si vous annulez dans un délai moindre ou vous ne vous présentez pas: aucun remboursement ne vous sera proposé.,-1,Anglais,Orlando
Offre : Centre Spatial Kennedy + Everglades,6,76.1,57 ,44841,Gratuit ! Annulez sans frais jusqu'à 24 heures avant l'activité. Si vous annulez dans un délai moindre ou vous ne vous présentez pas: aucun remboursement ne vous sera proposé.,11 heures,-1,Orlando
Excursion libre à l'Universal Orlando Resort,-1,162.7,81 ,-1,Gratuit ! Annulez sans frais jusqu'à 3 jours avant l'activité. Si vous annulez dans un délai moindre ou vous ne vous présentez pas: aucun remboursement ne vous sera proposé.,-1,-1,Orlando
Nage avec des lamantins à Crystal River,-1,30.8,42 ,-1,Gratuit ! Annulez sans frais jusqu'à 24 heures avant l'activité. Si vous annulez dans un délai moindre ou vous ne vous présentez pas: aucun remboursement ne vous sera proposé.,11 heures,Anglais,Orlando
Billet pour le LEGOLAND Florida Theme Park,-1,95.3,75 ,-1,Non remboursable. Cette activité n'admet aucune annulation ou modification.,1 jour - 2 jours,-1,Orlando
Trolleybus touristique d'Orlando,2,100.1,12 ,-1,Non remboursable. Cette activité n'admet pas d'annulation.,1 jour - 14 jours,-1,Orlando
Excursion à Miami et aux Everglades,3,5.8,44 ,-1,Gratuit ! Annulez sans frais jusqu'à 24 heures avant l'activité. Si vous annulez dans un délai moindre ou vous ne vous présentez pas: aucun remboursement ne vous sera proposé.,16 heures,Anglais,Orlando
Excursion aux Everglades,8,191.6,3 ,7.30 / 10,Gratuit ! Annulez sans frais jusqu'à 24 heures avant l'activité. Si vous annulez dans un délai moindre ou vous ne vous présentez pas: aucun remboursement ne vous sera proposé.,5 heures,Anglais,Orlando
Carte eSIM avec Internet aux États-Unis,14,21.6,,6.70 / 10,Non remboursable. Cette activité n'admet aucune annulation ou modification.,10 jours - 30 jours,-1,Boston
Go City Boston Explorer Pass,2,50,57 ,-1,Gratuit ! Annulez sans frais jusqu'à 24 heures avant l'activité. Si vous annulez dans un délai moindre ou vous ne vous présentez pas: aucun remboursement ne vous sera proposé.,-1,-1,Boston
Balade en bateau au coucher de soleil,2,42,18 ,-1,Non remboursable. Cette activité n'admet aucune annulation ou modification.,1h30,Anglais,Boston
Visite guidée d'Harvard,14,18.8,151 ,8.10 / 10,Gratuit ! Annulez sans frais jusqu'à 24 heures avant l'activité. Si vous annulez dans un délai moindre ou vous ne vous présentez pas: aucun remboursement ne vous sera proposé.,1h10,Anglais,Boston
Visite guidée du MIT,-1,18.8,14 ,-1,Gratuit ! Annulez sans frais jusqu'à 24 heures avant l'activité. Si vous annulez dans un délai moindre ou vous ne vous présentez pas: aucun remboursement ne vous sera proposé.,1h10,Anglais,Boston
Trolleybus touristique de Boston,2,85.7,19 ,-1,Non remboursable. Cette activité n'admet pas d'annulation.,1 jour - 2 jours,Anglais,Boston
Visite en bus amphibie à Boston,-1,48.5,36 ,-1,Si vous annulez juste après avoir réservé: nous vous rembourserons 100% du montant total. Si vous ne vous présentez pas: aucun remboursement ne vous sera proposé.,1h20,Français,Boston
Expérience Jet Boat à Boston,-1,51.4,7 ,-1,Non remboursable. Cette activité n'admet aucune annulation ou modification.,45 minutes,-1,Boston
Visite des plateaux de tournage de séries et de films,-1,49.7,5 ,-1,Gratuit ! Annulez sans frais jusqu'à 48 heures avant l'activité. Si vous annulez dans un délai moindre ou vous ne vous présentez pas: aucun remboursement ne vous sera proposé.,1h30,Anglais,Boston
Boston CityPASS,-1,34.6,14 ,-1,Non remboursable. Cette activité n'admet aucune annulation ou modification.,9 jours,-1,Boston
Pub Crawl : tournée des bars à Boston !,-1,64.5,139 ,-1,Non remboursable. Cette activité n'admet pas d'annulation.,2h15,Anglais,Boston
Transfert en ferry pour Salem,1,45.5,37 ,-1,Non remboursable. Cette activité n'admet pas d'annulation.,50 minutes,-1,Boston
Go City Boston All Inclusive Pass,6,26.4,50 ,-1,Gratuit ! Annulez sans frais jusqu'à 24 heures avant l'activité. Si vous annulez dans un délai moindre ou vous ne vous présentez pas: aucun remboursement ne vous sera proposé.,1 jour - 7 jours,-1,Boston
Observation de baleines à Boston,-1,59.7,19 ,-1,Non remboursable. Cette activité n'admet aucune annulation ou modification.,3h30,Anglais,Boston
Ferry pour Provincetown,-1,65.5,3 ,-1,Non remboursable. Cette activité n'admet pas d'annulation.,1h30,-1,Boston
Visite guidée dans Boston,3,62.5,9 ,9.30 / 10,Gratuit ! Annulez sans frais jusqu'à 48 heures avant l'activité. Si vous annulez dans un délai moindre ou vous ne vous présentez pas: aucun remboursement ne vous sera proposé.,2 heures,Anglais,Boston
Excursion aux Bahamas,17,216.7,386 ,4.90 / 10,Gratuit ! Annulez sans frais jusqu'à 24 heures avant l'activité. Si vous annulez dans un délai moindre ou vous ne vous présentez pas: aucun remboursement ne vous sera proposé.,10h30,-1,Fort Lauderdale
Vol en hélicoptère à Miami,1,149.3,3 ,-1,Gratuit ! Annulez sans frais jusqu'à 48 heures avant l'activité. Si vous annulez dans un délai moindre ou vous ne vous présentez pas: aucun remboursement ne vous sera proposé.,15 min - 30 min,Anglais et espagnol,Fort Lauderdale
Balade en bateau à Fort Lauderdale,-1,31.7,2 ,-1,Gratuit ! Annulez sans frais jusqu'à 24 heures avant l'activité. Si vous annulez dans un délai moindre ou vous ne vous présentez pas: aucun remboursement ne vous sera proposé.,1h30,Anglais,Fort Lauderdale
Location de yacht avec skipper à Fort Lauderdale,-1,963.2,8 ,-1,Gratuit ! Annulez sans frais jusqu'à 3 jours avant l'activité. Si vous annulez dans un délai moindre ou vous ne vous présentez pas: aucun remboursement ne vous sera proposé.,2h - 6h,Anglais et espagnol,Fort Lauderdale
Excursion sur l'île Key West,-1,95.3,10 ,-1,Gratuit ! Annulez sans frais jusqu'à 24 heures avant l'activité. Si vous annulez dans un délai moindre ou vous ne vous présentez pas: aucun remboursement ne vous sera proposé.,15 heures,Anglais,Fort Lauderdale
Balade en bateau dans Fort Lauderdale au coucher du soleil,1,31.7,65 ,-1,Gratuit ! Annulez sans frais jusqu'à 24 heures avant l'activité. Si vous annulez dans un délai moindre ou vous ne vous présentez pas: aucun remboursement ne vous sera proposé.,1h30,Anglais,Fort Lauderdale
Balade en aéroglisseur aux Everglades,4,25.7,4 ,-1,Gratuit ! Annulez sans frais jusqu'à 24 heures avant l'activité. Si vous annulez dans un délai moindre ou vous ne vous présentez pas: aucun remboursement ne vous sera proposé.,2h30,-1,Fort Lauderdale
Balade de nuit en aéroglisseur aux Everglades,-1,41.2,6 501 ,-1,Gratuit ! Annulez sans frais jusqu'à 24 heures avant l'activité. Si vous annulez dans un délai moindre ou vous ne vous présentez pas: aucun remboursement ne vous sera proposé.,1 heure,-1,Fort Lauderdale
Balade privée en aéroglisseur aux Everglades,-1,293.8,,-1,Gratuit ! Annulez sans frais jusqu'à 24 heures avant l'activité. Si vous annulez dans un délai moindre ou vous ne vous présentez pas: aucun remboursement ne vous sera proposé.,3 heures,-1,Fort Lauderdale
Assurance voyage Civitatis,203,9,,8.60 / 10,Non remboursable. Cette activité n'admet aucune annulation ou modification.,5 jours - 31 jours,-1,Fort Lauderdale
Location de vélo à Miami,1,43.8,,-1,Gratuit ! Annulez sans frais jusqu'à 24 heures avant l'activité. Si vous annulez dans un délai moindre ou vous ne vous présentez pas: aucun remboursement ne vous sera proposé.,2h - 11h,-1,Fort Lauderdale
Croisière à travers la baie de Miami,-1,24,,-1,Non remboursable. Cette activité n'admet aucune annulation ou modification.,2h - 7h,Français,Fort Lauderdale
Visite de nuit dans Miami,-1,389,,-1,Gratuit ! Annulez sans frais jusqu'à 24 heures avant l'activité. Si vous annulez dans un délai moindre ou vous ne vous présentez pas: aucun remboursement ne vous sera proposé.,2 heures,Français,Fort Lauderdale
Visite de nuit en bus à toit ouvert,-1,47.2,,-1,Gratuit ! Annulez sans frais jusqu'à 24 heures avant l'activité. Si vous annulez dans un délai moindre ou vous ne vous présentez pas: aucun remboursement ne vous sera proposé.,1h15 - 1h30,Français et d'autres langues,Fort Lauderdale
Excursion shopping aux outlets de Miami,9,25.1,,7.60 / 10,Gratuit ! Annulez sans frais jusqu'à 36 heures avant l'activité. Si vous annulez dans un délai moindre ou vous ne vous présentez pas: aucun remboursement ne vous sera proposé.,6h30 - 8h,-1,Fort Lauderdale
Billet pour la Villa Vizcaya et ses jardins,-1,42.1,,-1,Gratuit ! Annulez sans frais jusqu'à 24 heures avant l'activité. Si vous annulez dans un délai moindre ou vous ne vous présentez pas: aucun remboursement ne vous sera proposé.,-1,-1,Fort Lauderdale
Balade privée en bateau près des maisons des célébrités,-1,81.8,,-1,Gratuit ! Annulez sans frais jusqu'à 3 jours avant l'activité. Si vous annulez dans un délai moindre ou vous ne vous présentez pas: aucun remboursement ne vous sera proposé.,3h - 7h,Anglais et espagnol,Fort Lauderdale
Carte eSIM avec Internet aux États-Unis,14,21.6,,6.70 / 10,Non remboursable. Cette activité n'admet aucune annulation ou modification.,10 jours - 30 jours,-1,Houston
Visite à la découverte des graffitis à Houston,-1,52.9,2 ,-1,Gratuit ! Annulez sans frais jusqu'à 24 heures avant l'activité. Si vous annulez dans un délai moindre ou vous ne vous présentez pas: aucun remboursement ne vous sera proposé.,2 heures,Anglais,Houston
Visite à la découverte de la bière artisanale dans Houston,-1,47.2,18 ,-1,Gratuit ! Annulez sans frais jusqu'à 24 heures avant l'activité. Si vous annulez dans un délai moindre ou vous ne vous présentez pas: aucun remboursement ne vous sera proposé.,2 heures,Anglais,Houston
Visite gastronomique dans Houston,-1,59.7,190 ,-1,Gratuit ! Annulez sans frais jusqu'à 24 heures avant l'activité. Si vous annulez dans un délai moindre ou vous ne vous présentez pas: aucun remboursement ne vous sera proposé.,3 heures,Anglais et espagnol,Houston
Visite panoramique de Houston,3,33.6,4 ,9.30 / 10,Gratuit ! Annulez sans frais jusqu'à 48 heures avant l'activité. Si vous annulez dans un délai moindre ou vous ne vous présentez pas: aucun remboursement ne vous sera proposé.,1h30,Anglais,Houston
Houston Museum Pass,-1,56.5,46 ,-1,Non remboursable. Cette activité n'admet pas d'annulation.,1 jour - 3 jours,-1,Houston
Visite panoramique de Houston + Île de Galveston,-1,38.4,6 ,-1,Gratuit ! Annulez sans frais jusqu'à 48 heures avant l'activité. Si vous annulez dans un délai moindre ou vous ne vous présentez pas: aucun remboursement ne vous sera proposé.,7 heures,Anglais,Houston
Houston Brew Pass,-1,95.3,82 ,-1,Non remboursable. Cette activité n'admet pas d'annulation.,1 jour - 3 jours,Anglais,Houston
Visite panoramique de Houston + Tanger Outlets,1,43.3,22 ,-1,Gratuit ! Annulez sans frais jusqu'à 48 heures avant l'activité. Si vous annulez dans un délai moindre ou vous ne vous présentez pas: aucun remboursement ne vous sera proposé.,7 heures,Anglais,Houston
Carte eSIM avec Internet aux États-Unis,14,21.6,,6.70 / 10,Non remboursable. Cette activité n'admet aucune annulation ou modification.,10 jours - 30 jours,-1,Honolulu
Free tour dans Honolulu,-1,73.5,14 ,-1,-1,1h15,Anglais,Honolulu
Visite de la côte est d'Oahu,1,0,107 ,-1,Gratuit ! Annulez sans frais jusqu'à 48 heures avant l'activité. Si vous annulez dans un délai moindre ou vous ne vous présentez pas: aucun remboursement ne vous sera proposé.,-1,Anglais et espagnol,Honolulu
Pass Go City Oahu All-Inclusive,1,95.3,9 ,-1,Gratuit ! Annulez sans frais jusqu'à 24 heures avant l'activité. Si vous annulez dans un délai moindre ou vous ne vous présentez pas: aucun remboursement ne vous sera proposé.,1 jour - 7 jours,-1,Honolulu
Visite de la côte ouest d'Oahu,1,80.9,,-1,Gratuit ! Annulez sans frais jusqu'à 48 heures avant l'activité. Si vous annulez dans un délai moindre ou vous ne vous présentez pas: aucun remboursement ne vous sera proposé.,-1,Anglais et espagnol,Honolulu
Balade en hélicoptère au-dessus d'Oahu,3,120.4,3 ,-1,Gratuit ! Annulez sans frais jusqu'à 48 heures avant l'activité. Si vous annulez dans un délai moindre ou vous ne vous présentez pas: aucun remboursement ne vous sera proposé.,30 min - 1h,-1,Honolulu
Visite de l'île d'Oahu,4,264.9,49 ,-1,Gratuit ! Annulez sans frais jusqu'à 48 heures avant l'activité. Si vous annulez dans un délai moindre ou vous ne vous présentez pas: aucun remboursement ne vous sera proposé.,-1,Anglais et espagnol,Honolulu
Balade en hélicoptère au-dessus d'Honolulu au coucher de soleil,1,9,40 ,-1,Gratuit ! Annulez sans frais jusqu'à 48 heures avant l'activité. Si vous annulez dans un délai moindre ou vous ne vous présentez pas: aucun remboursement ne vous sera proposé.,50 minutes,-1,Honolulu
Visite du nord d'Oahu,1,95.3,1 voyageur,-1,Gratuit ! Annulez sans frais jusqu'à 48 heures avant l'activité. Si vous annulez dans un délai moindre ou vous ne vous présentez pas: aucun remboursement ne vous sera proposé.,-1,Anglais et espagnol,Honolulu
Visite photos dans Oahu,1,197.4,6 ,-1,Gratuit ! Annulez sans frais jusqu'à 48 heures avant l'activité. Si vous annulez dans un délai moindre ou vous ne vous présentez pas: aucun remboursement ne vous sera proposé.,-1,Anglais,Honolulu
Baptême de plongée à Honolulu,-1,95.3,5 ,-1,Gratuit ! Annulez sans frais jusqu'à 24 heures avant l'activité. Si vous annulez dans un délai moindre ou vous ne vous présentez pas: aucun remboursement ne vous sera proposé.,1h - 1h30,Anglais et espagnol,Honolulu
Snorkeling à Honolulu,-1,161.3,15 ,-1,Gratuit ! Annulez sans frais jusqu'à 24 heures avant l'activité. Si vous annulez dans un délai moindre ou vous ne vous présentez pas: aucun remboursement ne vous sera proposé.,1h30 - 2h,Anglais et espagnol,Honolulu
Visite gastronomique dans Honolulu,-1,85.7,11 ,-1,Gratuit ! Annulez sans frais jusqu'à 48 heures avant l'activité. Si vous annulez avec plus de 24 heures d’avance: nous vous rembourserons 50%. Si vous annulez dans un délai moindre ou vous ne vous présentez pas: aucun remboursement ne vous sera proposé.,-1,Anglais,Honolulu
Balade à vélo dans Key West,-1,43.3,5 ,-1,Gratuit ! Annulez sans frais jusqu'à 24 heures avant l'activité. Si vous annulez dans un délai moindre ou vous ne vous présentez pas: aucun remboursement ne vous sera proposé.,3 heures,Anglais,Key West
Snorkeling à Key West,-1,51.7,38 ,-1,Gratuit ! Annulez sans frais jusqu'à 4 heures avant l'activité. Si vous annulez dans un délai moindre ou vous ne vous présentez pas: aucun remboursement ne vous sera proposé.,3 heures,Anglais,Key West
Balade en bateau à fond de verre,-1,56.8,4 ,-1,Gratuit ! Annulez sans frais jusqu'à 4 heures avant l'activité. Si vous annulez dans un délai moindre ou vous ne vous présentez pas: aucun remboursement ne vous sera proposé.,2 heures,Anglais,Key West
Balade en jet-ski à Key West,-1,160.4,9 111 ,-1,Gratuit ! Annulez sans frais jusqu'à 4 heures avant l'activité. Si vous annulez dans un délai moindre ou vous ne vous présentez pas: aucun remboursement ne vous sera proposé.,1h30,Anglais,Key West
Trolleybus des fantômes de Key West,-1,62.6,4 ,-1,Non remboursable. Cette activité n'admet pas d'annulation.,1 heure,Anglais,Key West
Balade en bateau au coucher de soleil à Key West,1,38.3,2 ,-1,Gratuit ! Annulez sans frais jusqu'à 4 heures avant l'activité. Si vous annulez dans un délai moindre ou vous ne vous présentez pas: aucun remboursement ne vous sera proposé.,1h30 - 2h,Anglais,Key West
Train touristique de Key West,1,51.7,2 ,-1,Non remboursable. Cette activité n'admet pas d'annulation.,1 jour - 2 jours,-1,Key West
Billet pour l'Aquarium de Key West,-1,38.3,1 voyageur,-1,Non remboursable. Cette activité n'admet pas d'annulation.,-1,-1,Key West
Trolleybus touristique de Key West,-1,21.7,2 ,-1,Non remboursable. Cette activité n'admet pas d'annulation.,1j 7h30 min - 2j,Anglais,Key West
Visite à vélo dans la Nouvelle-Orléans,1,38.5,20 ,-1,Gratuit ! Annulez sans frais jusqu'à 3 jours avant l'activité. Si vous annulez dans un délai moindre ou vous ne vous présentez pas: aucun remboursement ne vous sera proposé.,2h - 3h30,Anglais,Nouvelle Orleans
Visite privée de La Nouvelle-Orléans avec guide francophone,1,168.5,34 ,-1,Gratuit ! Annulez sans frais jusqu'à 48 heures avant l'activité. Si vous annulez dans un délai moindre ou vous ne vous présentez pas: aucun remboursement ne vous sera proposé.,2 heures,Français,Nouvelle Orleans
Carte eSIM avec Internet aux États-Unis,14,21.6,,6.70 / 10,Non remboursable. Cette activité n'admet aucune annulation ou modification.,10 jours - 30 jours,-1,Nouvelle Orleans
Balade en aéroglisseur dans la Réserve de Barataria,-1,56.8,55 ,-1,Gratuit ! Annulez sans frais jusqu'à 24 heures avant l'activité. Si vous annulez dans un délai moindre ou vous ne vous présentez pas: aucun remboursement ne vous sera proposé.,1h40 - 4h,Anglais,Nouvelle Orleans
Excursion à la plantation d'Oak Alley,3,9,116 ,8.70 / 10,Gratuit ! Annulez sans frais jusqu'à 24 heures avant l'activité. Si vous annulez dans un délai moindre ou vous ne vous présentez pas: aucun remboursement ne vous sera proposé.,-1,Anglais,Nouvelle Orleans
Visite à la découverte des mystères et légendes de la Nouvelle Orléans,-1,64.5,17 ,-1,Gratuit ! Annulez sans frais jusqu'à 24 heures avant l'activité. Si vous annulez dans un délai moindre ou vous ne vous présentez pas: aucun remboursement ne vous sera proposé.,1h45,Anglais,Nouvelle Orleans
Visite autour du Jazz à la Nouvelle-Orléans,-1,19.3,37 ,-1,Gratuit ! Annulez sans frais jusqu'à 48 heures avant l'activité. Si vous annulez dans un délai moindre ou vous ne vous présentez pas: aucun remboursement ne vous sera proposé.,2h30,Anglais,Nouvelle Orleans
Balade en bateau dans la Réserve de Barataria,1,56.8,24 ,-1,Gratuit ! Annulez sans frais jusqu'à 24 heures avant l'activité. Si vous annulez dans un délai moindre ou vous ne vous présentez pas: aucun remboursement ne vous sera proposé.,1h40 - 4h,Anglais,Nouvelle Orleans
Bus touristique de la Nouvelle-Orléans,2,27.9,19 ,-1,Gratuit ! Annulez sans frais jusqu'à 24 heures avant l'activité. Si vous annulez dans un délai moindre ou vous ne vous présentez pas: aucun remboursement ne vous sera proposé.,1 jour,Anglais,Nouvelle Orleans
Visite gastronomique dans la Nouvelle-Orléans,1,56.8,26 ,-1,Gratuit ! Annulez sans frais jusqu'à 48 heures avant l'activité. Si vous annulez dans un délai moindre ou vous ne vous présentez pas: aucun remboursement ne vous sera proposé.,2h30,Anglais,Nouvelle Orleans
Excursion à la plantation Destrehan,-1,37.5,2 ,-1,Gratuit ! Annulez sans frais jusqu'à 24 heures avant l'activité. Si vous annulez dans un délai moindre ou vous ne vous présentez pas: aucun remboursement ne vous sera proposé.,-1,Anglais,Nouvelle Orleans
Carte eSIM avec Internet aux États-Unis,14,21.6,,6.70 / 10,Non remboursable. Cette activité n'admet aucune annulation ou modification.,10 jours - 30 jours,-1,Philadelphie
Go City Philadelphia All-Inclusive Pass,-1,50,43 ,-1,Gratuit ! Annulez sans frais jusqu'à 24 heures avant l'activité. Si vous annulez dans un délai moindre ou vous ne vous présentez pas: aucun remboursement ne vous sera proposé.,1 jour - 5 jours,-1,Philadelphie
Bus touristique de Philadelphie,12,24,124 ,5.70 / 10,Gratuit ! Annulez sans frais jusqu'à 24 heures avant l'activité. Si vous annulez dans un délai moindre ou vous ne vous présentez pas: aucun remboursement ne vous sera proposé.,1h30,Anglais,Philadelphie
Dîner-croisière à Philadelphie,-1,136.7,3 ,-1,Non remboursable. Cette activité n'admet pas d'annulation.,2h30,-1,Philadelphie
Philadelphia Whiskey Tasting Pass,-1,47.2,8 ,-1,Non remboursable. Cette activité n'admet pas d'annulation.,-1,Anglais,Philadelphie
Visite alternative dans Philadelphie,1,47.2,9 ,-1,Gratuit ! Annulez sans frais jusqu'à 48 heures avant l'activité. Si vous annulez dans un délai moindre ou vous ne vous présentez pas: aucun remboursement ne vous sera proposé.,3 heures,Anglais,Philadelphie
Carte eSIM avec Internet aux États-Unis,14,21.3,,6.70 / 10,Non remboursable. Cette activité n'admet aucune annulation ou modification.,10 jours - 30 jours,-1,Phoenix
Route 66 et Grand Canyon,-1,193.8,8 ,-1,Gratuit ! Annulez sans frais jusqu'à 48 heures avant l'activité. Si vous annulez dans un délai moindre ou vous ne vous présentez pas: aucun remboursement ne vous sera proposé.,-1,Anglais,Phoenix
Excursion au Grand Canyon et à Sedona,-1,237.5,1 voyageur,-1,Gratuit ! Annulez sans frais jusqu'à 24 heures avant l'activité. Si vous annulez dans un délai moindre ou vous ne vous présentez pas: aucun remboursement ne vous sera proposé.,-1,Anglais,Phoenix
Balade en quad dans le désert de Sonora,-1,185.2,1 voyageur,-1,Gratuit ! Annulez sans frais jusqu'à 48 heures avant l'activité. Si vous annulez dans un délai moindre ou vous ne vous présentez pas: aucun remboursement ne vous sera proposé.,2 heures,Anglais,Phoenix
Balade en 4x4 dans le désert de Sonora,-1,156.7,7 ,-1,Gratuit ! Annulez sans frais jusqu'à 48 heures avant l'activité. Si vous annulez dans un délai moindre ou vous ne vous présentez pas: aucun remboursement ne vous sera proposé.,-1,Anglais,Phoenix
Excursion à Sedona,-1,151,2 ,-1,Gratuit ! Annulez sans frais jusqu'à 48 heures avant l'activité. Si vous annulez dans un délai moindre ou vous ne vous présentez pas: aucun remboursement ne vous sera proposé.,-1,Anglais,Phoenix
Vol en montgolfière au-dessus de Phoenix,1,160.5,4 ,-1,Gratuit ! Annulez sans frais jusqu'à 48 heures avant l'activité. Si vous annulez dans un délai moindre ou vous ne vous présentez pas: aucun remboursement ne vous sera proposé.,3h15,Anglais,Phoenix
Excursion à Tombstone,-1,165.3,3 ,-1,Gratuit ! Annulez sans frais jusqu'à 48 heures avant l'activité. Si vous annulez dans un délai moindre ou vous ne vous présentez pas: aucun remboursement ne vous sera proposé.,-1,Anglais,Phoenix
Visite de Phoenix à vélo,-1,45.6,1 voyageur,-1,Gratuit ! Annulez sans frais jusqu'à 24 heures avant l'activité. Si vous annulez dans un délai moindre ou vous ne vous présentez pas: aucun remboursement ne vous sera proposé.,3 heures,Anglais et espagnol,Phoenix
Visite dans l'Apache Trail,-1,151,2 ,-1,Gratuit ! Annulez sans frais jusqu'à 48 heures avant l'activité. Si vous annulez dans un délai moindre ou vous ne vous présentez pas: aucun remboursement ne vous sera proposé.,-1,Anglais,Phoenix
Billet pour le Musée USS Midway,3,25,103 ,-1,Non remboursable. Cette activité n'admet aucune annulation ou modification.,-1,-1,San Diego
Carte eSIM avec Internet aux États-Unis,14,21.6,,6.70 / 10,Non remboursable. Cette activité n'admet aucune annulation ou modification.,10 jours - 30 jours,-1,San Diego
Free tour dans San Diego,1,9,38 ,-1,-1,1h30,Anglais,San Diego
Balade en bateau à San Diego,-1,104.9,9 ,-1,Non remboursable. Cette activité n'admet aucune annulation ou modification.,1 heure,Anglais,San Diego
Trolleybus touristique de San Diego,-1,0,3 ,-1,Non remboursable. Cette activité n'admet pas d'annulation.,1 jour,Anglais,San Diego
Go City San Diego All-inclusive Pass,-1,34.6,24 ,-1,Gratuit ! Annulez sans frais jusqu'à 24 heures avant l'activité. Si vous annulez dans un délai moindre ou vous ne vous présentez pas: aucun remboursement ne vous sera proposé.,1 jour - 7 jours,-1,San Diego
Observation de cétacés à San Diego,-1,44.3,16 ,-1,Non remboursable. Cette activité n'admet aucune annulation ou modification.,3 heures,-1,San Diego
Visite panoramique de nuit de San Diego,-1,104.9,1 voyageur,-1,Non remboursable. Cette activité n'admet pas d'annulation.,1h45,Anglais,San Diego
Visite en voiture électrique dans San Diego,-1,58.35,3 ,-1,Gratuit ! Annulez sans frais jusqu'à 7 jours avant l'activité. Si vous annulez avec plus de 48 heures d’avance: nous vous rembourserons 50%. Si vous annulez dans un délai moindre ou vous ne vous présentez pas: aucun remboursement ne vous sera proposé.,2 heures,Anglais,San Diego
Dîner-croisière de luxe à San Diego,-1,73.1,10 ,-1,Non remboursable. Cette activité n'admet aucune annulation ou modification.,3 heures,-1,San Diego
Billet pour Sesame Place,-1,34.6,6 ,-1,Non remboursable. Cette activité n'admet pas d'annulation.,-1,-1,San Diego
Balade en bateau à moteur dans San Diego,-1,83.2,8 ,-1,Gratuit ! Annulez sans frais jusqu'à 7 jours avant l'activité. Si vous annulez avec plus de 48 heures d’avance: nous vous rembourserons 50%. Si vous annulez dans un délai moindre ou vous ne vous présentez pas: aucun remboursement ne vous sera proposé.,2 heures,Anglais,San Diego
Balade en bateau au coucher de soleil,-1,181.4,47 ,-1,Non remboursable. Cette activité n'admet aucune annulation ou modification.,2 heures,Anglais,San Diego
Balade à moto électrique dans San Diego,-1,62.6,82 ,-1,Gratuit ! Annulez sans frais jusqu'à 7 jours avant l'activité. Si vous annulez avec plus de 48 heures d’avance: nous vous rembourserons 50%. Si vous annulez dans un délai moindre ou vous ne vous présentez pas: aucun remboursement ne vous sera proposé.,2 heures,Anglais,San Diego
Carte eSIM avec Internet aux États-Unis,14,21.3,,6.70 / 10,Non remboursable. Cette activité n'admet aucune annulation ou modification.,10 jours - 30 jours,-1,San Antonio
Visite guidée aux Natural Bridge Caverns,-1,29.2,51 ,-1,Non remboursable. Cette activité n'admet aucune annulation ou modification.,1 heure,Anglais,San Antonio
Billet pour le parc d'aventure Natural Bridge Caverns,-1,33.6,11 ,-1,Non remboursable. Cette activité n'admet aucune annulation ou modification.,45 minutes,Anglais,San Antonio
Billet pour SeaWorld et Aquatica San Antonio,-1,84.5,15 ,-1,Non remboursable. Cette activité n'admet pas d'annulation.,3 jours,-1,San Antonio
Bus touristique de San Antonio,1,9,1 voyageur,-1,Gratuit ! Annulez sans frais jusqu'à 24 heures avant l'activité. Si vous annulez dans un délai moindre ou vous ne vous présentez pas: aucun remboursement ne vous sera proposé.,1 jour - 2 jours,Anglais,San Antonio
Billet pour le SeaWorld San Antonio,1,98.8,6 ,-1,Non remboursable. Cette activité n'admet pas d'annulation.,-1,-1,San Antonio
Visite guidée de San Antonio,-1,40,6 ,-1,Gratuit ! Annulez sans frais jusqu'à 24 heures avant l'activité. Si vous annulez dans un délai moindre ou vous ne vous présentez pas: aucun remboursement ne vous sera proposé.,-1,Français,San Antonio
Carte eSIM avec Internet aux États-Unis,14,21.6,,6.70 / 10,Non remboursable. Cette activité n'admet aucune annulation ou modification.,10 jours - 30 jours,-1,Tampa
Billet pour The Florida Aquarium,-1,30.8,8 ,-1,Gratuit ! Annulez sans frais jusqu'à 24 heures avant l'activité. Si vous annulez dans un délai moindre ou vous ne vous présentez pas: aucun remboursement ne vous sera proposé.,-1,-1,Tampa
Tampa CityPASS,-1,124.2,1 voyageur,-1,Non remboursable. Cette activité n'admet aucune annulation ou modification.,9 jours,-1,Tampa
Billet pour le ZooTampa,-1,43.3,1 voyageur,-1,Non remboursable. Cette activité n'admet pas d'annulation.,-1,-1,Tampa
Vol en hélicoptère à Tampa,-1,66.4,9 ,-1,Gratuit ! Annulez sans frais jusqu'à 24 heures avant l'activité. Si vous annulez dans un délai moindre: nous vous rembourserons à hauteur de 50%. Si vous ne vous présentez pas: aucun remboursement ne vous sera proposé.,10 min - 45 min,Anglais,Tampa
Billet pour le Zoo de Tampa + Aquarium de Florida,-1,74.1,4 ,-1,Non remboursable. Cette activité n'admet aucune annulation ou modification.,-1,-1,Tampa
Carte eSIM avec Internet aux États-Unis,14,21.6,,6.70 / 10,Non remboursable. Cette activité n'admet aucune annulation ou modification.,10 jours - 30 jours,-1,Seattle
Seattle CityPASS,1,110.7,47 ,-1,Non remboursable. Cette activité n'admet aucune annulation ou modification.,9 jours,-1,Seattle
Bus touristique de Seattle,4,9,16 ,8.50 / 10,Gratuit ! Annulez sans frais jusqu'à 24 heures avant l'activité. Si vous annulez dans un délai moindre ou vous ne vous présentez pas: aucun remboursement ne vous sera proposé.,1 jour - 2 jours,Anglais,Seattle
Artisan Hill Wine Pass,-1,44.3,1 voyageur,-1,Non remboursable. Cette activité n'admet pas d'annulation.,1 jour,Anglais,Seattle
Carte eSIM avec Internet aux États-Unis,14,21.6,,6.70 / 10,Non remboursable. Cette activité n'admet aucune annulation ou modification.,10 jours - 30 jours,-1,Atlanta
Route des vins au nord de la Géorgie,-1,96.3,16 ,-1,Gratuit ! Annulez sans frais jusqu'à 24 heures avant l'activité. Si vous annulez dans un délai moindre ou vous ne vous présentez pas: aucun remboursement ne vous sera proposé.,9h30,Anglais,Atlanta
Atlanta CityPASS,-1,89.8,7 ,-1,Non remboursable. Cette activité n'admet aucune annulation ou modification.,9 jours,-1,Atlanta
Billet pour l'Aquarium de Géorgie,-1,41.9,15 ,-1,Non remboursable. Cette activité n'admet aucune annulation ou modification.,-1,-1,Atlanta
Visite guidée dans Downtown,-1,36.1,7 ,-1,Gratuit ! Annulez sans frais jusqu'à 24 heures avant l'activité. Si vous annulez dans un délai moindre ou vous ne vous présentez pas: aucun remboursement ne vous sera proposé.,2 heures,Anglais,Atlanta
Visite guidée dans Atlanta,-1,149.3,44 ,-1,Gratuit ! Annulez sans frais jusqu'à 24 heures avant l'activité. Si vous annulez dans un délai moindre ou vous ne vous présentez pas: aucun remboursement ne vous sera proposé.,-1,Anglais,Atlanta
Visite guidée de l'Atlanta BeltLine,-1,36.1,5 ,-1,Gratuit ! Annulez sans frais jusqu'à 24 heures avant l'activité. Si vous annulez dans un délai moindre ou vous ne vous présentez pas: aucun remboursement ne vous sera proposé.,2 heures,Anglais,Atlanta
Visite à travers les scènes de The Walking Dead,1,149.3,22 ,-1,Gratuit ! Annulez sans frais jusqu'à 24 heures avant l'activité. Si vous annulez dans un délai moindre ou vous ne vous présentez pas: aucun remboursement ne vous sera proposé.,-1,Anglais,Atlanta
Billet pour l'Illuminarium,-1,70,334 ,-1,Non remboursable. Cette activité n'admet aucune annulation ou modification.,-1,-1,Atlanta
